Packet_ID,Source_Node,Destination_Node,Packet_Loss_Rate,Average_Latency_ms,Node_Betweenness_Centrality,Traffic_Volume_MBps,Link_Stability_Score,Admin_Contact,Region_Code,Timestamp
1,Node_D,Node_W,0.0335,69.63,0.6483,144.33,0.734,admin2,EU-C,2025-01-01 00:00:00
2,Node_E,Node_W,0.0209,15.83,0.0741,152.29,0.803,admin3,AS-E,2025-01-01 01:00:00
3,Node_C,Node_W,0.1273,36.87,0.3755,433.34,0.714,admin2,AF-S,2025-01-01 02:00:00
4,Node_E,Node_W,0.1413,104.96,0.8038,596.08,0.514,admin2,AS-E,2025-01-01 03:00:00
5,Node_E,Node_W,0.0063,241.76,0.4335,81.53,0.892,admin2,EU-C,2025-01-01 04:00:00
6,Node_B,Node_X,0.1872,173.75,0.9972,939.63,0.505,admin2,AS-E,2025-01-01 05:00:00
7,Node_C,Node_W,0.0104,156.24,0.5591,755.38,0.881,admin3,AF-S,2025-01-01 06:00:00
8,Node_C,Node_X,0.1083,91.58,0.3212,587.04,0.947,admin3,EU-C,2025-01-01 07:00:00
9,Node_C,Node_W,0.1418,279.87,0.2201,828.61,0.716,admin3,AS-E,2025-01-01 08:00:00
10,Node_E,Node_Z,0.1742,122.12,0.3505,81.11,0.768,admin3,EU-C,2025-01-01 09:00:00
11,Node_D,Node_Y,0.1428,30.69,0.3725,477.36,0.738,admin1,EU-C,2025-01-01 10:00:00
12,Node_C,Node_X,0.1603,187.03,0.0687,630.46,0.695,admin2,US-W,2025-01-01 11:00:00
13,Node_E,Node_W,0.0679,38.58,0.3696,828.82,0.944,admin2,US-W,2025-01-01 12:00:00
14,Node_B,Node_Z,0.163,106.84,0.4642,783.69,0.947,admin2,EU-C,2025-01-01 13:00:00
15,Node_D,Node_Y,0.016,154.69,0.7227,277.79,0.668,admin1,AS-E,2025-01-01 14:00:00
16,Node_B,Node_X,0.179,262.9,0.6567,940.94,0.808,admin3,AS-E,2025-01-01 15:00:00
17,Node_D,Node_Y,0.1095,150.6,0.7088,125.22,0.963,admin2,AS-E,2025-01-01 16:00:00
18,Node_E,Node_Z,0.1635,212.17,0.0084,875.26,0.981,admin3,AF-S,2025-01-01 17:00:00
19,Node_A,Node_X,0.0905,297.88,0.2177,970.97,0.754,admin3,EU-C,2025-01-01 18:00:00
20,Node_D,Node_Y,0.1287,43.79,0.6617,177.98,0.726,admin1,EU-C,2025-01-01 19:00:00
21,Node_B,Node_W,0.1053,86.05,0.484,722.34,0.639,admin1,AF-S,2025-01-01 20:00:00
22,Node_E,Node_X,0.1463,121.4,0.0053,41.25,0.979,admin3,EU-C,2025-01-01 21:00:00
23,Node_D,Node_Y,0.0163,129.44,0.8045,406.02,0.571,admin2,EU-C,2025-01-01 22:00:00
24,Node_A,Node_Z,0.0121,126.25,0.7728,516.77,0.79,admin2,AF-S,2025-01-01 23:00:00
25,Node_A,Node_Z,0.0494,272.75,0.5484,581.06,0.641,admin1,US-W,2025-01-02 00:00:00
26,Node_C,Node_X,0.0319,215.64,0.0665,936.0,0.64,admin1,EU-C,2025-01-02 01:00:00
27,Node_C,Node_Y,0.1744,184.33,0.7665,672.58,0.702,admin1,AF-S,2025-01-02 02:00:00
28,Node_B,Node_X,0.0438,96.26,0.5837,481.8,0.999,admin1,AS-E,2025-01-02 03:00:00
29,Node_D,Node_X,0.1952,248.02,0.782,809.87,0.527,admin1,US-W,2025-01-02 04:00:00
30,Node_D,Node_Y,0.0674,286.74,0.7517,950.58,0.789,admin1,AS-E,2025-01-02 05:00:00
31,Node_C,Node_Y,0.0364,247.25,0.803,23.04,0.541,admin1,EU-C,2025-01-02 06:00:00
32,Node_D,Node_W,0.1579,5.46,0.518,982.54,0.577,admin2,US-W,2025-01-02 07:00:00
33,Node_D,Node_Y,0.1317,192.74,0.1403,87.05,0.72,admin1,AF-S,2025-01-02 08:00:00
34,Node_A,Node_Z,0.0996,20.08,0.6712,814.57,0.755,admin1,EU-C,2025-01-02 09:00:00
35,Node_C,Node_X,0.1111,80.99,0.6205,281.05,0.629,admin2,AF-S,2025-01-02 10:00:00
36,Node_E,Node_X,0.1438,22.56,0.7423,133.05,0.658,admin2,US-W,2025-01-02 11:00:00
37,Node_C,Node_Z,0.0457,183.12,0.1699,440.42,0.543,admin3,AS-E,2025-01-02 12:00:00
38,Node_E,Node_Y,0.1993,207.54,0.195,644.31,0.652,admin1,EU-C,2025-01-02 13:00:00
39,Node_A,Node_Z,0.195,38.77,0.8904,381.57,0.983,admin1,EU-C,2025-01-02 14:00:00
40,Node_B,Node_Z,0.1301,118.23,0.75,55.51,0.972,admin1,AF-S,2025-01-02 15:00:00
41,Node_D,Node_W,0.0399,139.59,0.9082,599.86,0.667,admin1,US-W,2025-01-02 16:00:00
42,Node_A,Node_Z,0.136,113.87,0.7587,902.5,0.785,admin3,AF-S,2025-01-02 17:00:00
43,Node_D,Node_X,0.0144,40.7,0.5972,383.83,0.955,admin2,US-W,2025-01-02 18:00:00
44,Node_B,Node_Z,0.0061,128.59,0.6541,217.12,0.503,admin2,EU-C,2025-01-02 19:00:00
45,Node_B,Node_X,0.0515,226.6,0.8891,443.13,0.905,admin1,US-W,2025-01-02 20:00:00
46,Node_A,Node_X,0.0925,25.95,0.5788,49.31,0.974,admin1,EU-C,2025-01-02 21:00:00
47,Node_B,Node_X,0.1737,28.65,0.6324,820.67,0.546,admin1,US-W,2025-01-02 22:00:00
48,Node_E,Node_Y,0.1454,109.66,0.1565,826.51,0.581,admin3,AS-E,2025-01-02 23:00:00
49,Node_B,Node_W,0.1485,282.81,0.4739,588.41,0.98,admin3,US-W,2025-01-03 00:00:00
50,Node_D,Node_X,0.0851,202.23,0.7164,353.75,0.769,admin2,AS-E,2025-01-03 01:00:00
51,Node_D,Node_X,0.0692,205.21,0.2709,799.98,0.507,admin1,US-W,2025-01-03 02:00:00
52,Node_D,Node_Y,0.0742,111.77,0.2023,555.13,0.629,admin1,US-W,2025-01-03 03:00:00
53,Node_D,Node_X,0.1975,180.13,0.3138,826.11,0.725,admin1,AF-S,2025-01-03 04:00:00
54,Node_E,Node_Z,0.008,7.99,0.2415,631.83,0.846,admin1,AF-S,2025-01-03 05:00:00
55,Node_C,Node_Z,0.1734,192.65,0.2149,784.62,0.867,admin3,EU-C,2025-01-03 06:00:00
56,Node_A,Node_W,0.1157,274.42,0.4249,598.96,0.998,admin2,AF-S,2025-01-03 07:00:00
57,Node_D,Node_X,0.0877,185.71,0.9078,414.73,0.644,admin2,US-W,2025-01-03 08:00:00
58,Node_B,Node_Y,0.1451,262.74,0.5071,957.99,0.769,admin3,AF-S,2025-01-03 09:00:00
59,Node_D,Node_Z,0.0973,218.57,0.1879,541.57,0.767,admin1,US-W,2025-01-03 10:00:00
60,Node_B,Node_Y,0.1747,40.56,0.077,605.48,0.703,admin2,AS-E,2025-01-03 11:00:00
61,Node_B,Node_Y,0.1801,271.22,0.6962,221.27,0.585,admin2,US-W,2025-01-03 12:00:00
62,Node_D,Node_Z,0.0843,24.6,0.3828,626.03,0.989,admin3,EU-C,2025-01-03 13:00:00
63,Node_E,Node_Y,0.0554,162.52,0.8218,572.04,0.927,admin1,AS-E,2025-01-03 14:00:00
64,Node_B,Node_Z,0.1185,46.93,0.6595,185.65,0.749,admin2,EU-C,2025-01-03 15:00:00
65,Node_B,Node_Y,0.1825,8.45,0.7962,60.53,0.802,admin1,EU-C,2025-01-03 16:00:00
66,Node_D,Node_Z,0.0421,129.5,0.2719,604.75,0.614,admin2,EU-C,2025-01-03 17:00:00
67,Node_B,Node_X,0.1246,92.04,0.6924,763.93,0.772,admin3,AF-S,2025-01-03 18:00:00
68,Node_B,Node_W,0.1263,148.37,0.2641,523.88,0.847,admin1,EU-C,2025-01-03 19:00:00
69,Node_D,Node_Z,0.1466,175.27,0.9391,227.55,0.758,admin3,AS-E,2025-01-03 20:00:00
70,Node_D,Node_Z,0.0263,17.9,0.6364,666.86,0.995,admin2,US-W,2025-01-03 21:00:00
71,Node_A,Node_W,0.1432,41.29,0.3245,81.03,0.806,admin3,EU-C,2025-01-03 22:00:00
72,Node_E,Node_Z,0.1818,169.8,0.2695,442.39,0.685,admin3,AS-E,2025-01-03 23:00:00
73,Node_E,Node_Z,0.0359,106.23,0.1909,164.2,0.886,admin3,EU-C,2025-01-04 00:00:00
74,Node_B,Node_Y,0.0475,220.11,0.6946,185.27,0.585,admin2,US-W,2025-01-04 01:00:00
75,Node_E,Node_W,0.1943,197.43,0.2187,203.09,0.692,admin1,AS-E,2025-01-04 02:00:00
76,Node_B,Node_X,0.0362,254.45,0.5953,387.32,0.673,admin3,AS-E,2025-01-04 03:00:00
77,Node_A,Node_Z,0.1709,209.29,0.2646,52.1,0.716,admin1,US-W,2025-01-04 04:00:00
78,Node_D,Node_W,0.0985,131.83,0.662,398.4,0.891,admin2,AS-E,2025-01-04 05:00:00
79,Node_D,Node_Y,0.0494,203.53,0.8149,512.2,0.742,admin1,US-W,2025-01-04 06:00:00
80,Node_D,Node_X,0.1741,86.24,0.778,483.81,0.897,admin3,AS-E,2025-01-04 07:00:00
81,Node_E,Node_W,0.0891,95.36,0.7609,383.4,0.788,admin3,AS-E,2025-01-04 08:00:00
82,Node_A,Node_X,0.103,237.75,0.1877,839.31,0.671,admin3,US-W,2025-01-04 09:00:00
83,Node_E,Node_X,0.0718,136.69,0.0884,146.18,0.905,admin3,US-W,2025-01-04 10:00:00
84,Node_E,Node_X,0.1186,240.52,0.6989,506.19,0.619,admin3,AS-E,2025-01-04 11:00:00
85,Node_A,Node_Z,0.0327,247.61,0.3683,62.98,0.612,admin3,AS-E,2025-01-04 12:00:00
86,Node_A,Node_Z,0.0782,257.98,0.4323,72.08,0.752,admin2,US-W,2025-01-04 13:00:00
87,Node_A,Node_Y,0.1939,275.41,0.0311,574.29,0.63,admin2,AF-S,2025-01-04 14:00:00
88,Node_A,Node_Y,0.0516,132.14,0.2596,566.45,0.505,admin2,US-W,2025-01-04 15:00:00
89,Node_D,Node_W,0.1313,99.07,0.0337,878.16,0.824,admin1,AS-E,2025-01-04 16:00:00
90,Node_C,Node_Y,0.065,176.75,0.8792,558.32,0.756,admin1,AS-E,2025-01-04 17:00:00
91,Node_C,Node_X,0.1547,114.5,0.2434,959.83,0.723,admin2,AS-E,2025-01-04 18:00:00
92,Node_A,Node_X,0.0262,182.32,0.5573,49.65,0.983,admin1,US-W,2025-01-04 19:00:00
93,Node_C,Node_Z,0.194,213.15,0.039,98.91,0.786,admin1,AS-E,2025-01-04 20:00:00
94,Node_C,Node_X,0.0908,208.08,0.6668,45.02,0.932,admin3,AF-S,2025-01-04 21:00:00
95,Node_A,Node_W,0.0472,115.49,0.323,186.09,0.57,admin3,EU-C,2025-01-04 22:00:00
96,Node_C,Node_X,0.0147,54.22,0.8979,541.73,0.785,admin1,AF-S,2025-01-04 23:00:00
97,Node_E,Node_X,0.034,132.01,0.8881,645.93,0.934,admin1,US-W,2025-01-05 00:00:00
98,Node_B,Node_W,0.104,47.07,0.3253,46.54,0.792,admin2,AS-E,2025-01-05 01:00:00
99,Node_B,Node_Y,0.0674,267.58,0.901,946.02,0.859,admin1,US-W,2025-01-05 02:00:00
100,Node_A,Node_Y,0.1658,107.03,0.9962,842.32,0.686,admin3,EU-C,2025-01-05 03:00:00
101,Node_D,Node_W,0.0862,50.57,0.8254,297.32,0.546,admin1,US-W,2025-01-05 04:00:00
102,Node_A,Node_Z,0.0497,12.51,0.8449,78.11,0.729,admin2,AS-E,2025-01-05 05:00:00
103,Node_D,Node_X,0.1234,195.52,0.249,170.72,0.697,admin3,EU-C,2025-01-05 06:00:00
104,Node_B,Node_W,0.1414,192.89,0.5767,127.82,0.934,admin3,EU-C,2025-01-05 07:00:00
105,Node_A,Node_X,0.0334,105.48,0.0673,124.16,0.622,admin3,AS-E,2025-01-05 08:00:00
106,Node_E,Node_Z,0.0335,26.16,0.0949,519.04,0.983,admin3,AS-E,2025-01-05 09:00:00
107,Node_C,Node_X,0.0073,125.84,0.9989,246.6,0.979,admin1,AS-E,2025-01-05 10:00:00
108,Node_D,Node_W,0.1473,96.81,0.3266,358.78,0.624,admin2,US-W,2025-01-05 11:00:00
109,Node_C,Node_X,0.1328,204.75,0.7482,989.52,0.674,admin1,AF-S,2025-01-05 12:00:00
110,Node_C,Node_Y,0.0949,183.7,0.8067,684.63,0.948,admin1,US-W,2025-01-05 13:00:00
111,Node_A,Node_Z,0.1688,112.56,0.858,949.03,0.983,admin3,US-W,2025-01-05 14:00:00
112,Node_C,Node_Z,0.1611,69.28,0.9976,143.41,0.722,admin2,AF-S,2025-01-05 15:00:00
113,Node_E,Node_Z,0.1171,296.47,0.2415,382.76,0.66,admin3,AS-E,2025-01-05 16:00:00
114,Node_C,Node_W,0.1737,138.93,0.0404,555.18,0.763,admin1,AS-E,2025-01-05 17:00:00
115,Node_A,Node_Z,0.0412,208.04,0.4112,77.68,0.844,admin1,AF-S,2025-01-05 18:00:00
116,Node_E,Node_Y,0.0224,46.46,0.1301,5.18,0.637,admin3,AF-S,2025-01-05 19:00:00
117,Node_B,Node_W,0.0539,148.25,0.0224,670.76,0.868,admin1,US-W,2025-01-05 20:00:00
118,Node_C,Node_Y,0.0114,13.12,0.3604,642.18,0.526,admin1,EU-C,2025-01-05 21:00:00
119,Node_A,Node_X,0.1062,154.11,0.7837,411.38,0.525,admin3,AF-S,2025-01-05 22:00:00
120,Node_B,Node_X,0.1873,289.39,0.5662,490.15,0.693,admin1,US-W,2025-01-05 23:00:00
121,Node_B,Node_X,0.0079,118.34,0.3128,416.03,0.677,admin2,EU-C,2025-01-06 00:00:00
122,Node_D,Node_X,0.0244,16.5,0.6543,24.98,0.658,admin3,AS-E,2025-01-06 01:00:00
123,Node_E,Node_Y,0.0904,14.13,0.232,336.04,0.746,admin2,AS-E,2025-01-06 02:00:00
124,Node_C,Node_W,0.1868,119.46,0.0144,177.91,0.66,admin1,US-W,2025-01-06 03:00:00
125,Node_A,Node_W,0.0632,52.21,0.7644,99.33,0.596,admin1,US-W,2025-01-06 04:00:00
126,Node_D,Node_Z,0.1014,11.89,0.6237,956.76,0.655,admin3,AF-S,2025-01-06 05:00:00
127,Node_E,Node_Y,0.0083,228.08,0.7623,599.76,0.987,admin1,AS-E,2025-01-06 06:00:00
128,Node_D,Node_X,0.0297,140.26,0.0389,728.93,0.706,admin3,US-W,2025-01-06 07:00:00
129,Node_E,Node_Y,0.1973,90.33,0.8371,316.05,0.722,admin3,AS-E,2025-01-06 08:00:00
130,Node_E,Node_Z,0.193,270.52,0.6195,393.75,0.788,admin3,AS-E,2025-01-06 09:00:00
131,Node_C,Node_Z,0.001,39.26,0.5634,237.69,0.992,admin3,AF-S,2025-01-06 10:00:00
132,Node_E,Node_Y,0.1904,287.0,0.6246,97.87,0.621,admin3,EU-C,2025-01-06 11:00:00
133,Node_D,Node_Y,0.1278,97.62,0.8644,179.85,0.841,admin2,AF-S,2025-01-06 12:00:00
134,Node_E,Node_Y,0.1736,267.08,0.5869,797.72,0.858,admin3,US-W,2025-01-06 13:00:00
135,Node_C,Node_W,0.0909,182.87,0.581,677.87,0.804,admin2,AF-S,2025-01-06 14:00:00
136,Node_C,Node_X,0.1031,248.88,0.9907,547.38,0.544,admin1,AF-S,2025-01-06 15:00:00
137,Node_D,Node_Y,0.0978,295.28,0.7567,475.61,0.838,admin3,AS-E,2025-01-06 16:00:00
138,Node_B,Node_Y,0.1334,90.08,0.4423,922.51,0.532,admin1,AF-S,2025-01-06 17:00:00
139,Node_B,Node_Y,0.0279,288.53,0.7074,73.66,0.798,admin3,US-W,2025-01-06 18:00:00
140,Node_E,Node_Z,0.006,119.9,0.3892,281.32,0.87,admin2,EU-C,2025-01-06 19:00:00
141,Node_A,Node_Z,0.0616,118.73,0.2289,350.59,0.605,admin2,AF-S,2025-01-06 20:00:00
142,Node_E,Node_W,0.1409,105.41,0.5969,782.64,0.921,admin2,AF-S,2025-01-06 21:00:00
143,Node_D,Node_X,0.0404,164.72,0.9282,992.52,0.515,admin1,EU-C,2025-01-06 22:00:00
144,Node_D,Node_W,0.1347,50.47,0.9291,241.43,0.922,admin3,US-W,2025-01-06 23:00:00
145,Node_D,Node_X,0.194,168.34,0.3419,874.43,0.73,admin1,US-W,2025-01-07 00:00:00
146,Node_D,Node_Z,0.0188,164.8,0.5277,830.79,0.609,admin2,AF-S,2025-01-07 01:00:00
147,Node_D,Node_Z,0.1345,229.76,0.2116,225.43,0.567,admin1,AS-E,2025-01-07 02:00:00
148,Node_C,Node_Z,0.0888,250.93,0.9956,399.93,0.977,admin2,AF-S,2025-01-07 03:00:00
149,Node_B,Node_W,0.1736,134.93,0.9811,410.26,0.536,admin2,EU-C,2025-01-07 04:00:00
150,Node_D,Node_Y,0.0354,94.19,0.6495,978.24,0.6,admin2,EU-C,2025-01-07 05:00:00
151,Node_A,Node_Y,0.1385,81.5,0.8044,181.71,0.674,admin3,EU-C,2025-01-07 06:00:00
152,Node_A,Node_Z,0.1676,62.41,0.7151,799.36,0.81,admin3,AF-S,2025-01-07 07:00:00
153,Node_A,Node_Y,0.1889,22.01,0.5932,334.86,0.772,admin2,AF-S,2025-01-07 08:00:00
154,Node_A,Node_Y,0.1366,106.02,0.0533,731.14,0.563,admin1,US-W,2025-01-07 09:00:00
155,Node_C,Node_W,0.0994,84.72,0.4548,420.59,0.645,admin1,AS-E,2025-01-07 10:00:00
156,Node_A,Node_X,0.1236,290.09,0.6748,578.78,0.619,admin3,AF-S,2025-01-07 11:00:00
157,Node_D,Node_Z,0.1738,169.52,0.6775,832.78,0.607,admin2,US-W,2025-01-07 12:00:00
158,Node_E,Node_Z,0.1141,107.45,0.3731,804.36,0.706,admin1,AF-S,2025-01-07 13:00:00
159,Node_A,Node_W,0.0061,176.24,0.9417,866.56,0.852,admin2,US-W,2025-01-07 14:00:00
160,Node_C,Node_W,0.1862,46.06,0.1674,60.56,0.609,admin1,US-W,2025-01-07 15:00:00
161,Node_C,Node_Y,0.1379,135.99,0.5004,692.36,0.683,admin3,AS-E,2025-01-07 16:00:00
162,Node_A,Node_Z,0.1353,189.74,0.6909,140.85,0.695,admin2,AF-S,2025-01-07 17:00:00
163,Node_E,Node_X,0.0431,149.22,0.6971,416.4,0.988,admin2,US-W,2025-01-07 18:00:00
164,Node_A,Node_W,0.1318,123.52,0.6486,549.04,0.977,admin1,EU-C,2025-01-07 19:00:00
165,Node_C,Node_X,0.0788,298.19,0.2753,403.34,0.9,admin1,EU-C,2025-01-07 20:00:00
166,Node_B,Node_X,0.1302,264.69,0.1562,520.09,0.621,admin1,EU-C,2025-01-07 21:00:00
167,Node_D,Node_Z,0.0213,188.9,0.6359,996.53,0.534,admin2,AS-E,2025-01-07 22:00:00
168,Node_C,Node_Z,0.1316,172.97,0.5993,136.08,0.658,admin3,US-W,2025-01-07 23:00:00
169,Node_A,Node_W,0.1999,188.09,0.1794,675.78,0.633,admin3,AS-E,2025-01-08 00:00:00
170,Node_D,Node_Z,0.0096,64.39,0.7051,396.6,0.753,admin1,AF-S,2025-01-08 01:00:00
171,Node_A,Node_Z,0.1954,121.57,0.4552,133.88,0.889,admin3,AF-S,2025-01-08 02:00:00
172,Node_A,Node_Z,0.0814,16.64,0.6678,159.58,0.929,admin1,US-W,2025-01-08 03:00:00
173,Node_B,Node_X,0.1742,145.29,0.8374,949.32,0.922,admin3,EU-C,2025-01-08 04:00:00
174,Node_D,Node_W,0.1565,165.19,0.1697,879.72,0.68,admin2,US-W,2025-01-08 05:00:00
175,Node_D,Node_Y,0.1134,72.19,0.0191,907.13,0.844,admin1,US-W,2025-01-08 06:00:00
176,Node_B,Node_X,0.1477,289.39,0.7791,991.54,0.656,admin3,US-W,2025-01-08 07:00:00
177,Node_C,Node_Z,0.1757,273.29,0.6097,209.11,0.53,admin2,AS-E,2025-01-08 08:00:00
178,Node_A,Node_X,0.0808,218.03,0.6996,356.08,0.851,admin3,AF-S,2025-01-08 09:00:00
179,Node_E,Node_Z,0.0654,162.35,0.8382,669.55,0.505,admin2,US-W,2025-01-08 10:00:00
180,Node_A,Node_Z,0.1335,261.64,0.8028,484.32,0.705,admin2,US-W,2025-01-08 11:00:00
181,Node_A,Node_X,0.1616,43.54,0.9609,418.97,0.665,admin3,US-W,2025-01-08 12:00:00
182,Node_C,Node_W,0.1525,238.2,0.5359,358.45,0.847,admin3,AS-E,2025-01-08 13:00:00
183,Node_A,Node_Z,0.1596,41.82,0.4885,594.19,0.883,admin2,AS-E,2025-01-08 14:00:00
184,Node_B,Node_W,0.0871,239.29,0.4019,576.02,0.652,admin2,AS-E,2025-01-08 15:00:00
185,Node_B,Node_Y,0.1636,86.35,0.1537,162.3,0.906,admin2,US-W,2025-01-08 16:00:00
186,Node_D,Node_Z,0.024,263.74,0.5726,472.27,0.647,admin1,EU-C,2025-01-08 17:00:00
187,Node_E,Node_W,0.1089,283.49,0.277,553.92,0.723,admin2,EU-C,2025-01-08 18:00:00
188,Node_A,Node_W,0.0012,48.89,0.9213,570.72,0.864,admin1,EU-C,2025-01-08 19:00:00
189,Node_A,Node_Y,0.0649,141.49,0.5832,210.9,0.846,admin2,AF-S,2025-01-08 20:00:00
190,Node_C,Node_W,0.0733,294.39,0.5928,742.53,0.994,admin1,US-W,2025-01-08 21:00:00
191,Node_B,Node_W,0.0792,147.61,0.3549,26.17,0.613,admin2,EU-C,2025-01-08 22:00:00
192,Node_E,Node_Y,0.1391,259.75,0.052,355.48,0.831,admin2,EU-C,2025-01-08 23:00:00
193,Node_D,Node_Z,0.0777,178.68,0.0317,780.43,0.805,admin2,EU-C,2025-01-09 00:00:00
194,Node_B,Node_W,0.0897,115.72,0.4233,564.33,0.958,admin3,US-W,2025-01-09 01:00:00
195,Node_D,Node_W,0.0475,89.31,0.0846,261.9,0.578,admin3,EU-C,2025-01-09 02:00:00
196,Node_C,Node_W,0.0747,64.95,0.6068,695.26,0.876,admin2,EU-C,2025-01-09 03:00:00
197,Node_C,Node_X,0.0455,229.73,0.881,567.82,0.784,admin1,US-W,2025-01-09 04:00:00
198,Node_A,Node_Y,0.0146,119.03,0.8829,796.45,0.637,admin1,AF-S,2025-01-09 05:00:00
199,Node_E,Node_X,0.1207,155.83,0.659,735.29,0.737,admin2,AS-E,2025-01-09 06:00:00
200,Node_D,Node_Y,0.1336,150.24,0.2112,610.5,0.667,admin3,EU-C,2025-01-09 07:00:00
201,Node_B,Node_Z,0.1239,175.3,0.863,488.69,0.79,admin1,AS-E,2025-01-09 08:00:00
202,Node_C,Node_Z,0.0927,260.35,0.8861,134.05,0.945,admin3,AF-S,2025-01-09 09:00:00
203,Node_A,Node_W,0.076,294.32,0.1967,262.07,0.785,admin1,AF-S,2025-01-09 10:00:00
204,Node_A,Node_Y,0.1727,125.24,0.7374,419.68,0.816,admin2,EU-C,2025-01-09 11:00:00
205,Node_D,Node_Z,0.1038,249.12,0.2865,599.7,0.759,admin3,US-W,2025-01-09 12:00:00
206,Node_C,Node_Y,0.0958,230.54,0.8026,514.19,0.526,admin1,AF-S,2025-01-09 13:00:00
207,Node_E,Node_Z,0.0051,174.19,0.9972,288.9,0.616,admin2,AS-E,2025-01-09 14:00:00
208,Node_C,Node_X,0.0682,287.03,0.03,7.46,0.746,admin2,AS-E,2025-01-09 15:00:00
209,Node_D,Node_Z,0.076,64.14,0.8974,496.74,0.655,admin2,AS-E,2025-01-09 16:00:00
210,Node_D,Node_X,0.0798,37.23,0.6226,286.34,0.591,admin3,AS-E,2025-01-09 17:00:00
211,Node_C,Node_Z,0.116,256.92,0.9734,734.87,0.752,admin3,AF-S,2025-01-09 18:00:00
212,Node_D,Node_W,0.1067,134.55,0.465,24.92,0.661,admin2,EU-C,2025-01-09 19:00:00
213,Node_C,Node_X,0.1216,254.86,0.8474,585.24,0.629,admin3,EU-C,2025-01-09 20:00:00
214,Node_B,Node_Z,0.153,268.46,0.0624,941.53,0.732,admin1,AS-E,2025-01-09 21:00:00
215,Node_C,Node_W,0.1626,23.42,0.3353,175.23,0.567,admin2,EU-C,2025-01-09 22:00:00
216,Node_C,Node_X,0.1436,265.62,0.067,472.18,0.964,admin2,AS-E,2025-01-09 23:00:00
217,Node_D,Node_W,0.1911,137.25,0.9753,92.33,0.934,admin3,AS-E,2025-01-10 00:00:00
218,Node_D,Node_Y,0.0036,155.58,0.817,626.06,0.854,admin2,US-W,2025-01-10 01:00:00
219,Node_A,Node_Y,0.0392,189.84,0.8525,550.98,0.553,admin1,AF-S,2025-01-10 02:00:00
220,Node_A,Node_X,0.0015,278.28,0.938,407.96,0.888,admin3,AF-S,2025-01-10 03:00:00
221,Node_B,Node_Z,0.1295,10.64,0.0851,521.86,0.904,admin3,AS-E,2025-01-10 04:00:00
222,Node_A,Node_X,0.1796,145.67,0.3856,896.68,0.884,admin2,AF-S,2025-01-10 05:00:00
223,Node_C,Node_W,0.0487,207.88,0.071,197.1,0.557,admin2,EU-C,2025-01-10 06:00:00
224,Node_D,Node_Z,0.1854,218.2,0.2108,23.54,0.822,admin2,AS-E,2025-01-10 07:00:00
225,Node_A,Node_Y,0.0121,209.3,0.2294,861.8,0.917,admin3,US-W,2025-01-10 08:00:00
226,Node_A,Node_Z,0.1869,44.66,0.4691,577.54,0.789,admin2,EU-C,2025-01-10 09:00:00
227,Node_B,Node_Y,0.0703,93.32,0.2686,890.77,0.823,admin1,US-W,2025-01-10 10:00:00
228,Node_B,Node_Z,0.0203,110.82,0.101,597.35,0.729,admin2,US-W,2025-01-10 11:00:00
229,Node_C,Node_Z,0.0972,242.31,0.1675,810.35,0.764,admin2,AF-S,2025-01-10 12:00:00
230,Node_D,Node_Z,0.0514,87.23,0.1473,430.24,0.517,admin3,AF-S,2025-01-10 13:00:00
231,Node_B,Node_W,0.057,67.16,0.9731,750.11,0.819,admin2,AS-E,2025-01-10 14:00:00
232,Node_A,Node_W,0.0615,287.45,0.7593,913.13,0.541,admin3,AF-S,2025-01-10 15:00:00
233,Node_D,Node_X,0.1606,7.61,0.9678,572.55,0.718,admin2,US-W,2025-01-10 16:00:00
234,Node_D,Node_X,0.1078,299.36,0.4397,181.6,0.646,admin1,US-W,2025-01-10 17:00:00
235,Node_A,Node_Y,0.0623,204.66,0.2784,269.53,0.773,admin1,EU-C,2025-01-10 18:00:00
236,Node_B,Node_W,0.1221,249.4,0.7983,199.45,0.567,admin3,US-W,2025-01-10 19:00:00
237,Node_A,Node_Y,0.1432,91.91,0.3263,247.61,0.846,admin3,AS-E,2025-01-10 20:00:00
238,Node_D,Node_X,0.0545,9.22,0.2994,307.11,0.898,admin2,AS-E,2025-01-10 21:00:00
239,Node_E,Node_Y,0.0827,222.67,0.2325,555.58,0.582,admin2,AF-S,2025-01-10 22:00:00
240,Node_E,Node_X,0.0244,251.07,0.1297,588.4,0.552,admin1,AF-S,2025-01-10 23:00:00
241,Node_C,Node_W,0.0362,223.44,0.2565,427.07,0.573,admin2,AF-S,2025-01-11 00:00:00
242,Node_A,Node_Z,0.1362,47.14,0.3553,615.81,0.939,admin1,AS-E,2025-01-11 01:00:00
243,Node_A,Node_W,0.0363,227.26,0.674,82.49,0.764,admin3,US-W,2025-01-11 02:00:00
244,Node_C,Node_Y,0.105,231.83,0.0626,88.7,0.734,admin2,AF-S,2025-01-11 03:00:00
245,Node_C,Node_Y,0.1418,199.27,0.2105,172.66,0.553,admin3,EU-C,2025-01-11 04:00:00
246,Node_C,Node_W,0.0214,231.0,0.809,518.56,0.825,admin2,AF-S,2025-01-11 05:00:00
247,Node_D,Node_W,0.1135,254.55,0.1469,214.78,0.934,admin1,AS-E,2025-01-11 06:00:00
248,Node_A,Node_X,0.0513,186.01,0.3426,284.0,0.914,admin3,AF-S,2025-01-11 07:00:00
249,Node_D,Node_Y,0.1926,31.14,0.8647,400.91,0.813,admin3,US-W,2025-01-11 08:00:00
250,Node_C,Node_Y,0.0967,148.85,0.1549,812.05,0.538,admin2,AF-S,2025-01-11 09:00:00
251,Node_A,Node_W,0.1612,27.91,0.0827,14.85,0.556,admin3,AS-E,2025-01-11 10:00:00
252,Node_D,Node_Z,0.11,125.23,0.4845,649.73,0.525,admin1,AS-E,2025-01-11 11:00:00
253,Node_D,Node_Y,0.0087,125.1,0.3024,669.21,0.629,admin3,EU-C,2025-01-11 12:00:00
254,Node_C,Node_Z,0.1266,24.47,0.5634,798.86,0.568,admin3,AS-E,2025-01-11 13:00:00
255,Node_A,Node_W,0.1903,107.9,0.8038,932.82,0.63,admin2,EU-C,2025-01-11 14:00:00
256,Node_C,Node_W,0.1203,37.74,0.1371,21.12,0.693,admin3,US-W,2025-01-11 15:00:00
257,Node_A,Node_X,0.1638,243.43,0.5807,154.63,0.971,admin2,AS-E,2025-01-11 16:00:00
258,Node_E,Node_Y,0.1768,284.57,0.5055,886.29,0.805,admin2,AF-S,2025-01-11 17:00:00
259,Node_B,Node_Z,0.0456,26.33,0.1441,459.06,0.917,admin3,US-W,2025-01-11 18:00:00
260,Node_B,Node_X,0.0424,286.76,0.624,565.03,0.855,admin1,AF-S,2025-01-11 19:00:00
261,Node_B,Node_Y,0.1222,159.16,0.2736,663.36,0.556,admin2,AF-S,2025-01-11 20:00:00
262,Node_C,Node_X,0.0822,93.37,0.4878,679.39,0.868,admin3,AF-S,2025-01-11 21:00:00
263,Node_E,Node_W,0.168,27.67,0.0823,931.81,0.638,admin2,US-W,2025-01-11 22:00:00
264,Node_A,Node_Y,0.18,152.68,0.4596,996.95,0.82,admin1,US-W,2025-01-11 23:00:00
265,Node_D,Node_X,0.0707,239.38,0.3065,720.44,0.67,admin1,AS-E,2025-01-12 00:00:00
266,Node_A,Node_X,0.0474,213.59,0.8224,287.93,0.999,admin2,AF-S,2025-01-12 01:00:00
267,Node_D,Node_Z,0.1561,19.82,0.057,879.87,0.632,admin1,EU-C,2025-01-12 02:00:00
268,Node_A,Node_X,0.055,26.51,0.4186,50.17,0.64,admin3,AS-E,2025-01-12 03:00:00
269,Node_E,Node_Y,0.1645,123.85,0.4584,231.85,0.965,admin3,US-W,2025-01-12 04:00:00
270,Node_D,Node_Y,0.0847,92.11,0.725,897.49,0.512,admin2,EU-C,2025-01-12 05:00:00
271,Node_C,Node_Z,0.1335,73.55,0.5743,256.94,0.848,admin1,US-W,2025-01-12 06:00:00
272,Node_A,Node_Y,0.0191,87.9,0.6672,221.43,0.863,admin3,EU-C,2025-01-12 07:00:00
273,Node_A,Node_W,0.1248,242.03,0.777,138.99,0.918,admin3,AS-E,2025-01-12 08:00:00
274,Node_D,Node_Y,0.0904,279.12,0.8622,859.25,0.987,admin3,EU-C,2025-01-12 09:00:00
275,Node_C,Node_Y,0.1173,124.51,0.3139,500.56,0.988,admin2,AS-E,2025-01-12 10:00:00
276,Node_C,Node_X,0.0336,272.3,0.538,675.22,0.533,admin2,US-W,2025-01-12 11:00:00
277,Node_E,Node_X,0.1474,99.84,0.8401,239.83,0.911,admin3,EU-C,2025-01-12 12:00:00
278,Node_C,Node_Y,0.1726,145.55,0.9895,758.28,0.823,admin3,AF-S,2025-01-12 13:00:00
279,Node_C,Node_Z,0.0433,71.68,0.8895,760.25,0.824,admin1,AF-S,2025-01-12 14:00:00
280,Node_C,Node_X,0.0191,193.94,0.3715,313.29,0.564,admin1,US-W,2025-01-12 15:00:00
281,Node_B,Node_Z,0.0047,293.8,0.1952,411.27,0.825,admin1,EU-C,2025-01-12 16:00:00
282,Node_E,Node_Y,0.1284,183.03,0.4894,210.48,0.991,admin2,AF-S,2025-01-12 17:00:00
283,Node_A,Node_Y,0.1214,110.56,0.7416,976.58,0.956,admin3,AS-E,2025-01-12 18:00:00
284,Node_D,Node_W,0.1093,196.11,0.4926,645.96,0.72,admin2,EU-C,2025-01-12 19:00:00
285,Node_A,Node_X,0.0464,41.26,0.4832,934.61,0.52,admin3,EU-C,2025-01-12 20:00:00
286,Node_E,Node_Y,0.0782,267.15,0.8382,304.08,0.681,admin1,AF-S,2025-01-12 21:00:00
287,Node_D,Node_W,0.1189,153.41,0.3614,782.11,0.913,admin1,AS-E,2025-01-12 22:00:00
288,Node_E,Node_X,0.0994,137.56,0.8598,766.09,0.851,admin1,AS-E,2025-01-12 23:00:00
289,Node_C,Node_Y,0.1976,177.83,0.4068,691.96,0.73,admin1,AS-E,2025-01-13 00:00:00
290,Node_D,Node_Y,0.0273,189.31,0.3282,965.67,0.528,admin3,EU-C,2025-01-13 01:00:00
291,Node_C,Node_X,0.139,26.17,0.454,394.16,0.713,admin1,US-W,2025-01-13 02:00:00
292,Node_A,Node_X,0.0809,206.37,0.7624,131.59,0.735,admin3,EU-C,2025-01-13 03:00:00
293,Node_A,Node_X,0.0856,76.37,0.126,672.04,0.964,admin3,EU-C,2025-01-13 04:00:00
294,Node_D,Node_Y,0.1435,215.62,0.1964,729.58,0.821,admin2,AF-S,2025-01-13 05:00:00
295,Node_D,Node_Y,0.1385,247.65,0.9514,575.49,0.656,admin1,US-W,2025-01-13 06:00:00
296,Node_E,Node_W,0.1983,242.17,0.1755,207.61,0.763,admin1,AS-E,2025-01-13 07:00:00
297,Node_E,Node_Z,0.0257,167.99,0.5677,504.95,0.533,admin2,AF-S,2025-01-13 08:00:00
298,Node_C,Node_X,0.0208,158.45,0.5793,312.88,0.986,admin3,EU-C,2025-01-13 09:00:00
299,Node_D,Node_Y,0.1449,47.15,0.4896,428.04,0.68,admin1,US-W,2025-01-13 10:00:00
300,Node_A,Node_Y,0.1157,233.73,0.6447,645.57,0.739,admin3,AS-E,2025-01-13 11:00:00
301,Node_E,Node_X,0.0548,85.07,0.2298,745.47,0.678,admin2,AS-E,2025-01-13 12:00:00
302,Node_E,Node_Z,0.0159,151.53,0.5527,232.99,0.841,admin3,EU-C,2025-01-13 13:00:00
303,Node_A,Node_X,0.0171,88.86,0.3722,405.92,0.831,admin1,AS-E,2025-01-13 14:00:00
304,Node_E,Node_Z,0.1788,44.48,0.6617,269.89,0.858,admin3,AS-E,2025-01-13 15:00:00
305,Node_C,Node_Y,0.0384,190.72,0.1412,199.43,0.634,admin3,US-W,2025-01-13 16:00:00
306,Node_D,Node_Z,0.0647,21.03,0.5709,783.6,0.658,admin1,AF-S,2025-01-13 17:00:00
307,Node_A,Node_W,0.0453,225.85,0.1853,909.34,0.563,admin1,US-W,2025-01-13 18:00:00
308,Node_D,Node_Y,0.071,98.69,0.2786,370.86,0.828,admin3,AF-S,2025-01-13 19:00:00
309,Node_E,Node_W,0.0139,5.04,0.2187,751.53,0.52,admin3,AF-S,2025-01-13 20:00:00
310,Node_E,Node_X,0.1038,155.78,0.1828,897.1,0.799,admin2,AF-S,2025-01-13 21:00:00
311,Node_A,Node_X,0.0135,18.82,0.8257,846.28,0.935,admin1,AS-E,2025-01-13 22:00:00
312,Node_C,Node_X,0.1601,86.47,0.2857,183.63,0.945,admin3,US-W,2025-01-13 23:00:00
313,Node_B,Node_Z,0.0467,213.56,0.9271,956.34,0.725,admin1,AS-E,2025-01-14 00:00:00
314,Node_A,Node_Y,0.108,23.49,0.9699,377.3,0.73,admin2,EU-C,2025-01-14 01:00:00
315,Node_B,Node_X,0.176,252.6,0.5713,339.9,0.538,admin3,US-W,2025-01-14 02:00:00
316,Node_B,Node_X,0.1302,6.13,0.143,63.37,0.835,admin3,AF-S,2025-01-14 03:00:00
317,Node_C,Node_Y,0.1066,77.81,0.3745,486.69,0.911,admin3,AS-E,2025-01-14 04:00:00
318,Node_B,Node_X,0.0649,223.57,0.7977,109.9,0.622,admin1,AS-E,2025-01-14 05:00:00
319,Node_B,Node_W,0.0666,98.3,0.3674,249.29,0.711,admin2,US-W,2025-01-14 06:00:00
320,Node_C,Node_Y,0.1339,35.06,0.087,317.63,0.919,admin1,US-W,2025-01-14 07:00:00
321,Node_B,Node_Y,0.1988,111.27,0.5568,809.02,0.939,admin3,AF-S,2025-01-14 08:00:00
322,Node_B,Node_Y,0.1324,84.77,0.8451,875.61,0.622,admin2,AF-S,2025-01-14 09:00:00
323,Node_B,Node_W,0.1116,253.6,0.7959,303.16,0.775,admin3,EU-C,2025-01-14 10:00:00
324,Node_A,Node_Y,0.1461,97.44,0.1751,858.84,0.596,admin3,AF-S,2025-01-14 11:00:00
325,Node_A,Node_W,0.093,237.74,0.6728,857.37,0.551,admin1,AS-E,2025-01-14 12:00:00
326,Node_A,Node_Y,0.012,268.1,0.2205,764.89,0.956,admin3,EU-C,2025-01-14 13:00:00
327,Node_C,Node_Z,0.1125,132.98,0.2182,147.55,0.91,admin2,EU-C,2025-01-14 14:00:00
328,Node_E,Node_X,0.1915,273.43,0.8741,690.63,0.88,admin3,EU-C,2025-01-14 15:00:00
329,Node_B,Node_Z,0.0351,116.31,0.2497,945.08,0.524,admin3,US-W,2025-01-14 16:00:00
330,Node_B,Node_X,0.138,289.4,0.2632,682.86,0.922,admin1,AF-S,2025-01-14 17:00:00
331,Node_C,Node_W,0.0402,31.34,0.0007,332.29,0.719,admin2,EU-C,2025-01-14 18:00:00
332,Node_B,Node_Z,0.1072,207.67,0.8707,501.08,0.671,admin1,US-W,2025-01-14 19:00:00
333,Node_A,Node_Y,0.0193,150.68,0.7926,646.08,0.773,admin3,US-W,2025-01-14 20:00:00
334,Node_E,Node_X,0.0901,119.36,0.6273,511.06,0.546,admin1,EU-C,2025-01-14 21:00:00
335,Node_D,Node_X,0.1512,191.65,0.7503,120.83,0.878,admin1,EU-C,2025-01-14 22:00:00
336,Node_B,Node_Z,0.0695,212.64,0.152,312.75,0.791,admin1,AS-E,2025-01-14 23:00:00
337,Node_A,Node_W,0.133,6.29,0.4583,802.59,0.593,admin1,EU-C,2025-01-15 00:00:00
338,Node_D,Node_Z,0.1591,54.25,0.3512,861.56,0.594,admin3,AS-E,2025-01-15 01:00:00
339,Node_E,Node_W,0.1854,215.35,0.0938,138.16,0.592,admin3,EU-C,2025-01-15 02:00:00
340,Node_D,Node_W,0.0469,201.58,0.4861,952.43,0.529,admin2,EU-C,2025-01-15 03:00:00
341,Node_A,Node_X,0.0799,289.98,0.9207,329.49,0.794,admin1,AF-S,2025-01-15 04:00:00
342,Node_D,Node_Z,0.0305,229.51,0.0401,662.65,0.92,admin1,EU-C,2025-01-15 05:00:00
343,Node_C,Node_Z,0.1985,285.48,0.2915,752.07,0.509,admin2,EU-C,2025-01-15 06:00:00
344,Node_D,Node_W,0.1854,212.25,0.2075,812.13,0.525,admin1,AS-E,2025-01-15 07:00:00
345,Node_B,Node_Z,0.108,92.93,0.2381,945.8,0.786,admin2,AS-E,2025-01-15 08:00:00
346,Node_B,Node_Y,0.1684,36.08,0.9084,313.61,0.91,admin3,AF-S,2025-01-15 09:00:00
347,Node_C,Node_Y,0.1042,235.64,0.4681,858.65,0.663,admin2,EU-C,2025-01-15 10:00:00
348,Node_A,Node_Z,0.1247,195.02,0.4663,132.56,0.675,admin1,EU-C,2025-01-15 11:00:00
349,Node_B,Node_Z,0.0178,19.21,0.7606,705.34,0.798,admin2,AS-E,2025-01-15 12:00:00
350,Node_E,Node_W,0.1511,111.21,0.1545,742.24,0.637,admin3,US-W,2025-01-15 13:00:00
351,Node_B,Node_Y,0.0255,287.26,0.4873,678.05,0.513,admin1,US-W,2025-01-15 14:00:00
352,Node_B,Node_Y,0.1652,152.62,0.43,253.06,0.868,admin3,US-W,2025-01-15 15:00:00
353,Node_A,Node_X,0.1564,132.66,0.5969,873.17,0.813,admin3,AS-E,2025-01-15 16:00:00
354,Node_D,Node_W,0.1417,140.02,0.9996,169.69,0.79,admin2,AS-E,2025-01-15 17:00:00
355,Node_B,Node_X,0.0072,66.62,0.7694,54.58,0.871,admin3,US-W,2025-01-15 18:00:00
356,Node_C,Node_Y,0.0606,113.77,0.3979,717.75,0.838,admin1,US-W,2025-01-15 19:00:00
357,Node_D,Node_W,0.0526,114.09,0.8276,476.0,0.603,admin3,EU-C,2025-01-15 20:00:00
358,Node_E,Node_Z,0.072,20.44,0.1707,849.25,0.676,admin3,AS-E,2025-01-15 21:00:00
359,Node_A,Node_W,0.0175,231.43,0.0305,384.01,0.563,admin2,AS-E,2025-01-15 22:00:00
360,Node_E,Node_Z,0.1874,127.87,0.2044,169.11,0.565,admin3,US-W,2025-01-15 23:00:00
361,Node_D,Node_Z,0.1108,247.54,0.3404,836.61,0.838,admin2,US-W,2025-01-16 00:00:00
362,Node_D,Node_W,0.0611,255.85,0.5106,549.36,0.929,admin2,AF-S,2025-01-16 01:00:00
363,Node_D,Node_Z,0.0794,67.54,0.6151,190.01,0.981,admin1,AS-E,2025-01-16 02:00:00
364,Node_E,Node_X,0.0894,198.92,0.9106,720.66,0.814,admin1,AF-S,2025-01-16 03:00:00
365,Node_D,Node_Y,0.1201,144.32,0.5099,511.6,0.592,admin1,EU-C,2025-01-16 04:00:00
366,Node_E,Node_Z,0.1031,264.65,0.5013,604.71,0.553,admin1,AF-S,2025-01-16 05:00:00
367,Node_D,Node_X,0.1839,68.64,0.0502,461.44,0.906,admin2,US-W,2025-01-16 06:00:00
368,Node_C,Node_Z,0.0994,204.95,0.0349,828.88,0.789,admin3,AS-E,2025-01-16 07:00:00
369,Node_D,Node_Y,0.1984,184.29,0.5512,829.73,0.809,admin1,AS-E,2025-01-16 08:00:00
370,Node_E,Node_X,0.1703,92.11,0.4382,709.68,0.891,admin1,AF-S,2025-01-16 09:00:00
371,Node_B,Node_Y,0.0417,45.3,0.8392,106.3,0.852,admin1,AF-S,2025-01-16 10:00:00
372,Node_D,Node_Y,0.1861,197.23,0.1607,839.02,0.917,admin3,EU-C,2025-01-16 11:00:00
373,Node_B,Node_X,0.0233,222.89,0.025,671.34,0.528,admin1,EU-C,2025-01-16 12:00:00
374,Node_C,Node_X,0.1635,98.11,0.449,697.33,0.874,admin3,US-W,2025-01-16 13:00:00
375,Node_A,Node_X,0.0761,195.23,0.2375,363.62,0.925,admin2,US-W,2025-01-16 14:00:00
376,Node_C,Node_W,0.1756,121.56,0.0496,879.4,0.643,admin2,US-W,2025-01-16 15:00:00
377,Node_D,Node_X,0.1736,215.4,0.7246,725.65,0.82,admin2,AF-S,2025-01-16 16:00:00
378,Node_B,Node_X,0.1612,63.77,0.1116,113.48,0.657,admin3,AF-S,2025-01-16 17:00:00
379,Node_B,Node_X,0.158,267.61,0.6083,408.37,0.979,admin1,AS-E,2025-01-16 18:00:00
380,Node_E,Node_X,0.0609,89.79,0.281,886.49,0.517,admin1,US-W,2025-01-16 19:00:00
381,Node_B,Node_Z,0.0162,113.5,0.1735,48.15,0.79,admin1,AF-S,2025-01-16 20:00:00
382,Node_E,Node_W,0.0806,22.14,0.3798,961.46,0.583,admin1,AS-E,2025-01-16 21:00:00
383,Node_A,Node_Y,0.0347,37.9,0.8014,679.48,0.856,admin1,US-W,2025-01-16 22:00:00
384,Node_D,Node_X,0.139,157.18,0.3921,631.74,0.588,admin3,EU-C,2025-01-16 23:00:00
385,Node_E,Node_Z,0.0692,83.94,0.7508,271.29,0.618,admin2,EU-C,2025-01-17 00:00:00
386,Node_A,Node_Z,0.1951,251.47,0.1255,249.54,0.747,admin1,AF-S,2025-01-17 01:00:00
387,Node_B,Node_Z,0.1282,9.33,0.7728,942.12,0.957,admin2,AS-E,2025-01-17 02:00:00
388,Node_B,Node_Y,0.1645,116.83,0.2369,298.97,0.606,admin3,EU-C,2025-01-17 03:00:00
389,Node_A,Node_X,0.0265,104.52,0.6774,775.73,0.572,admin3,AS-E,2025-01-17 04:00:00
390,Node_B,Node_W,0.1724,10.7,0.5658,393.73,0.879,admin1,AS-E,2025-01-17 05:00:00
391,Node_A,Node_W,0.1846,41.69,0.9291,140.11,0.75,admin3,EU-C,2025-01-17 06:00:00
392,Node_E,Node_Z,0.0974,127.02,0.3873,11.7,0.956,admin2,AS-E,2025-01-17 07:00:00
393,Node_E,Node_Y,0.1213,150.4,0.0662,544.71,0.573,admin1,EU-C,2025-01-17 08:00:00
394,Node_A,Node_Y,0.153,124.27,0.0192,975.8,0.823,admin1,AF-S,2025-01-17 09:00:00
395,Node_E,Node_Y,0.035,161.63,0.8269,369.77,0.616,admin2,US-W,2025-01-17 10:00:00
396,Node_E,Node_W,0.1005,180.56,0.5247,357.84,0.578,admin1,US-W,2025-01-17 11:00:00
397,Node_E,Node_Z,0.0797,7.93,0.7752,344.75,0.842,admin1,AF-S,2025-01-17 12:00:00
398,Node_C,Node_X,0.0293,141.91,0.2344,521.02,0.797,admin2,EU-C,2025-01-17 13:00:00
399,Node_D,Node_W,0.0735,289.23,0.3451,441.22,0.877,admin1,EU-C,2025-01-17 14:00:00
400,Node_B,Node_Z,0.0136,158.11,0.0301,880.03,0.655,admin1,EU-C,2025-01-17 15:00:00
401,Node_C,Node_Z,0.0052,204.87,0.9615,506.02,0.724,admin2,EU-C,2025-01-17 16:00:00
402,Node_E,Node_X,0.027,97.0,0.6679,508.25,0.703,admin3,AF-S,2025-01-17 17:00:00
403,Node_A,Node_X,0.1926,233.33,0.9332,139.23,0.992,admin2,US-W,2025-01-17 18:00:00
404,Node_E,Node_X,0.1099,233.01,0.2655,982.76,0.646,admin1,AS-E,2025-01-17 19:00:00
405,Node_D,Node_Y,0.1932,158.78,0.6115,250.72,0.647,admin2,AS-E,2025-01-17 20:00:00
406,Node_E,Node_X,0.0865,292.92,0.6785,74.29,0.677,admin1,US-W,2025-01-17 21:00:00
407,Node_A,Node_Z,0.0624,42.04,0.3175,663.48,0.782,admin1,AF-S,2025-01-17 22:00:00
408,Node_D,Node_X,0.1012,10.0,0.8481,595.77,0.626,admin2,AS-E,2025-01-17 23:00:00
409,Node_E,Node_Z,0.0879,232.2,0.9472,415.73,0.958,admin1,US-W,2025-01-18 00:00:00
410,Node_D,Node_W,0.0211,243.11,0.8849,422.77,0.633,admin3,AF-S,2025-01-18 01:00:00
411,Node_B,Node_Y,0.1282,40.46,0.7391,785.28,0.948,admin1,AS-E,2025-01-18 02:00:00
412,Node_B,Node_W,0.0432,83.35,0.2775,196.52,0.552,admin2,EU-C,2025-01-18 03:00:00
413,Node_E,Node_W,0.1239,10.18,0.2816,820.43,0.828,admin3,EU-C,2025-01-18 04:00:00
414,Node_D,Node_Z,0.13,91.53,0.9634,649.1,0.953,admin3,AF-S,2025-01-18 05:00:00
415,Node_A,Node_W,0.0304,233.08,0.0103,419.55,0.584,admin1,EU-C,2025-01-18 06:00:00
416,Node_E,Node_Z,0.0123,157.8,0.716,458.57,0.984,admin2,AF-S,2025-01-18 07:00:00
417,Node_B,Node_X,0.1562,107.69,0.7062,257.39,0.726,admin1,US-W,2025-01-18 08:00:00
418,Node_B,Node_X,0.092,114.66,0.6227,752.36,0.973,admin1,US-W,2025-01-18 09:00:00
419,Node_E,Node_Z,0.0116,5.4,0.9901,513.36,0.838,admin2,AS-E,2025-01-18 10:00:00
420,Node_D,Node_X,0.199,93.44,0.3119,321.53,0.651,admin2,AF-S,2025-01-18 11:00:00
421,Node_B,Node_Y,0.0116,195.71,0.34,596.45,0.594,admin1,AS-E,2025-01-18 12:00:00
422,Node_D,Node_W,0.139,292.39,0.0789,995.74,0.652,admin3,AS-E,2025-01-18 13:00:00
423,Node_B,Node_Y,0.1967,254.88,0.4428,435.83,0.547,admin1,US-W,2025-01-18 14:00:00
424,Node_B,Node_W,0.0478,11.96,0.261,920.77,0.572,admin3,AS-E,2025-01-18 15:00:00
425,Node_C,Node_X,0.0284,270.08,0.3434,345.67,0.552,admin1,EU-C,2025-01-18 16:00:00
426,Node_B,Node_Y,0.0243,236.04,0.8346,55.68,0.711,admin2,AS-E,2025-01-18 17:00:00
427,Node_A,Node_X,0.0607,235.21,0.9355,205.04,0.898,admin3,AF-S,2025-01-18 18:00:00
428,Node_E,Node_W,0.0202,140.11,0.1857,419.28,0.571,admin2,EU-C,2025-01-18 19:00:00
429,Node_E,Node_Z,0.1384,122.41,0.3725,220.42,0.565,admin2,US-W,2025-01-18 20:00:00
430,Node_D,Node_Z,0.0125,94.36,0.9286,1.23,0.822,admin2,AF-S,2025-01-18 21:00:00
431,Node_B,Node_Y,0.1019,24.38,0.0618,915.09,0.599,admin2,EU-C,2025-01-18 22:00:00
432,Node_A,Node_X,0.1993,72.33,0.0924,844.04,0.549,admin2,AF-S,2025-01-18 23:00:00
433,Node_D,Node_X,0.1628,77.75,0.1628,742.55,0.583,admin1,EU-C,2025-01-19 00:00:00
434,Node_C,Node_Y,0.123,147.8,0.5952,168.65,0.962,admin3,AF-S,2025-01-19 01:00:00
435,Node_D,Node_Z,0.0613,225.5,0.1505,121.24,0.911,admin1,AF-S,2025-01-19 02:00:00
436,Node_D,Node_W,0.1248,144.77,0.9681,68.54,0.677,admin1,EU-C,2025-01-19 03:00:00
437,Node_B,Node_Y,0.1054,22.06,0.4467,724.31,0.828,admin1,US-W,2025-01-19 04:00:00
438,Node_C,Node_W,0.0852,287.55,0.5015,928.88,0.769,admin2,US-W,2025-01-19 05:00:00
439,Node_D,Node_Z,0.0261,283.1,0.2467,431.11,0.839,admin1,AF-S,2025-01-19 06:00:00
440,Node_A,Node_X,0.1773,236.63,0.471,120.02,0.841,admin3,AF-S,2025-01-19 07:00:00
441,Node_A,Node_Z,0.09,297.44,0.6619,512.88,0.814,admin1,US-W,2025-01-19 08:00:00
442,Node_E,Node_Y,0.0389,165.62,0.7512,349.48,0.633,admin2,US-W,2025-01-19 09:00:00
443,Node_C,Node_X,0.0736,289.02,0.7539,375.45,0.52,admin3,AS-E,2025-01-19 10:00:00
444,Node_C,Node_Y,0.0828,27.3,0.5779,621.71,0.728,admin3,US-W,2025-01-19 11:00:00
445,Node_E,Node_Y,0.1655,112.88,0.9044,719.0,0.945,admin3,AF-S,2025-01-19 12:00:00
446,Node_D,Node_Z,0.1467,71.49,0.8174,111.49,0.785,admin3,EU-C,2025-01-19 13:00:00
447,Node_C,Node_Y,0.1539,62.77,0.757,36.55,0.916,admin1,US-W,2025-01-19 14:00:00
448,Node_A,Node_Z,0.0022,46.54,0.0556,994.34,0.996,admin2,AS-E,2025-01-19 15:00:00
449,Node_A,Node_X,0.0832,188.61,0.0069,233.5,0.582,admin3,AS-E,2025-01-19 16:00:00
450,Node_B,Node_Z,0.0963,235.49,0.2124,54.78,0.846,admin3,AS-E,2025-01-19 17:00:00
451,Node_C,Node_X,0.0038,175.6,0.6635,190.69,0.837,admin2,EU-C,2025-01-19 18:00:00
452,Node_D,Node_Z,0.052,48.35,0.4112,39.92,0.99,admin1,US-W,2025-01-19 19:00:00
453,Node_E,Node_W,0.1521,244.28,0.4024,392.42,0.993,admin3,US-W,2025-01-19 20:00:00
454,Node_E,Node_W,0.0274,192.61,0.8846,802.6,0.843,admin1,US-W,2025-01-19 21:00:00
455,Node_D,Node_Y,0.1071,119.51,0.8956,341.9,0.622,admin1,EU-C,2025-01-19 22:00:00
456,Node_B,Node_Z,0.043,203.87,0.9092,444.74,0.899,admin1,EU-C,2025-01-19 23:00:00
457,Node_E,Node_Z,0.0024,81.67,0.3139,675.91,0.554,admin1,AF-S,2025-01-20 00:00:00
458,Node_C,Node_X,0.0482,106.83,0.6911,509.39,0.89,admin3,AS-E,2025-01-20 01:00:00
459,Node_B,Node_Y,0.1952,275.66,0.2716,861.58,0.955,admin3,AS-E,2025-01-20 02:00:00
460,Node_C,Node_Z,0.1603,90.7,0.1906,866.17,0.691,admin1,US-W,2025-01-20 03:00:00
461,Node_A,Node_Y,0.1919,143.65,0.1846,10.9,0.815,admin1,EU-C,2025-01-20 04:00:00
462,Node_B,Node_W,0.0976,267.59,0.3421,778.27,0.715,admin2,EU-C,2025-01-20 05:00:00
463,Node_E,Node_Z,0.0219,213.78,0.43,461.27,0.719,admin2,US-W,2025-01-20 06:00:00
464,Node_B,Node_Z,0.1096,23.35,0.8309,988.85,0.655,admin2,US-W,2025-01-20 07:00:00
465,Node_B,Node_Y,0.0909,48.45,0.1199,483.75,0.881,admin3,AF-S,2025-01-20 08:00:00
466,Node_B,Node_Z,0.1689,7.31,0.7349,986.91,0.968,admin2,AS-E,2025-01-20 09:00:00
467,Node_B,Node_Y,0.0196,191.12,0.5315,754.81,0.97,admin3,AS-E,2025-01-20 10:00:00
468,Node_C,Node_Z,0.0976,137.06,0.2879,249.36,0.587,admin3,AS-E,2025-01-20 11:00:00
469,Node_A,Node_X,0.03,44.61,0.4928,538.86,0.937,admin3,AF-S,2025-01-20 12:00:00
470,Node_D,Node_Y,0.0649,287.59,0.2999,992.14,0.869,admin3,US-W,2025-01-20 13:00:00
471,Node_B,Node_Z,0.1475,161.25,0.5961,857.67,0.626,admin2,US-W,2025-01-20 14:00:00
472,Node_E,Node_W,0.0952,76.36,0.4338,98.27,0.534,admin1,AS-E,2025-01-20 15:00:00
473,Node_B,Node_Z,0.0752,152.68,0.1644,706.67,0.634,admin1,AS-E,2025-01-20 16:00:00
474,Node_E,Node_W,0.0789,205.49,0.1166,346.23,0.956,admin1,AF-S,2025-01-20 17:00:00
475,Node_C,Node_W,0.0919,27.49,0.5467,7.98,0.817,admin2,EU-C,2025-01-20 18:00:00
476,Node_E,Node_X,0.157,86.04,0.9024,404.08,0.861,admin1,EU-C,2025-01-20 19:00:00
477,Node_D,Node_Y,0.1784,243.05,0.344,235.52,0.629,admin2,AS-E,2025-01-20 20:00:00
478,Node_A,Node_Z,0.1911,140.6,0.733,819.05,0.86,admin2,AF-S,2025-01-20 21:00:00
479,Node_E,Node_X,0.1574,166.24,0.6587,337.99,0.514,admin2,AS-E,2025-01-20 22:00:00
480,Node_E,Node_Z,0.0631,132.68,0.9316,827.7,0.688,admin1,EU-C,2025-01-20 23:00:00
481,Node_A,Node_W,0.1376,17.95,0.821,1.6,0.813,admin1,AS-E,2025-01-21 00:00:00
482,Node_D,Node_Y,0.0875,53.9,0.5666,308.51,0.573,admin1,EU-C,2025-01-21 01:00:00
483,Node_B,Node_Z,0.0509,136.43,0.657,241.92,0.912,admin3,EU-C,2025-01-21 02:00:00
484,Node_E,Node_Z,0.1682,66.71,0.8984,234.33,0.618,admin2,EU-C,2025-01-21 03:00:00
485,Node_A,Node_W,0.0077,19.74,0.3995,69.12,0.826,admin3,US-W,2025-01-21 04:00:00
486,Node_C,Node_Z,0.1804,253.88,0.3268,187.94,0.703,admin2,US-W,2025-01-21 05:00:00
487,Node_A,Node_Z,0.0923,294.45,0.0108,555.99,0.798,admin1,AS-E,2025-01-21 06:00:00
488,Node_C,Node_W,0.1274,238.98,0.8266,292.07,0.554,admin2,EU-C,2025-01-21 07:00:00
489,Node_D,Node_X,0.1319,256.87,0.801,417.98,0.508,admin2,US-W,2025-01-21 08:00:00
490,Node_B,Node_W,0.179,76.38,0.1045,377.49,0.955,admin3,AS-E,2025-01-21 09:00:00
491,Node_A,Node_X,0.1273,288.38,0.5769,876.03,0.635,admin2,AS-E,2025-01-21 10:00:00
492,Node_E,Node_Y,0.1228,63.09,0.464,905.39,0.91,admin1,AS-E,2025-01-21 11:00:00
493,Node_D,Node_X,0.0133,285.67,0.1187,493.46,1.0,admin2,AS-E,2025-01-21 12:00:00
494,Node_A,Node_X,0.1037,298.47,0.9806,330.83,0.606,admin2,AS-E,2025-01-21 13:00:00
495,Node_E,Node_Y,0.03,214.96,0.2147,107.69,0.633,admin2,AF-S,2025-01-21 14:00:00
496,Node_A,Node_X,0.1475,294.44,0.0672,953.45,0.831,admin3,EU-C,2025-01-21 15:00:00
497,Node_C,Node_W,0.1024,173.01,0.5948,61.17,0.983,admin2,AS-E,2025-01-21 16:00:00
498,Node_A,Node_X,0.136,81.56,0.7389,298.35,0.958,admin2,AF-S,2025-01-21 17:00:00
499,Node_A,Node_Y,0.0083,133.91,0.0324,298.77,0.751,admin3,EU-C,2025-01-21 18:00:00
500,Node_A,Node_W,0.017,180.1,0.6587,321.08,0.898,admin3,US-W,2025-01-21 19:00:00
501,Node_D,Node_Y,0.1433,26.56,0.5323,165.12,0.568,admin3,AS-E,2025-01-21 20:00:00
502,Node_A,Node_Y,0.0144,188.59,0.1033,783.38,0.989,admin3,AF-S,2025-01-21 21:00:00
503,Node_E,Node_Z,0.0143,294.45,0.1725,123.38,0.982,admin1,US-W,2025-01-21 22:00:00
504,Node_C,Node_Z,0.0024,61.08,0.568,635.27,0.582,admin1,AF-S,2025-01-21 23:00:00
505,Node_C,Node_Y,0.1913,238.82,0.2964,124.72,0.65,admin2,EU-C,2025-01-22 00:00:00
506,Node_A,Node_Y,0.1475,272.83,0.9383,71.47,0.55,admin1,EU-C,2025-01-22 01:00:00
507,Node_D,Node_Y,0.0707,283.39,0.8187,909.52,0.636,admin2,US-W,2025-01-22 02:00:00
508,Node_D,Node_Z,0.0593,288.24,0.9836,190.94,0.908,admin1,AF-S,2025-01-22 03:00:00
509,Node_E,Node_Z,0.0699,158.83,0.2597,821.43,0.689,admin3,AS-E,2025-01-22 04:00:00
510,Node_A,Node_X,0.1549,293.31,0.9697,545.09,0.544,admin3,AS-E,2025-01-22 05:00:00
511,Node_C,Node_X,0.1323,228.41,0.4312,78.78,0.671,admin1,US-W,2025-01-22 06:00:00
512,Node_D,Node_Y,0.037,52.69,0.3475,955.49,0.991,admin1,US-W,2025-01-22 07:00:00
513,Node_A,Node_W,0.0348,145.69,0.0503,247.71,0.815,admin2,US-W,2025-01-22 08:00:00
514,Node_D,Node_W,0.0197,216.91,0.0528,859.79,0.708,admin2,AF-S,2025-01-22 09:00:00
515,Node_D,Node_Z,0.1321,77.97,0.692,169.64,0.583,admin2,AS-E,2025-01-22 10:00:00
516,Node_C,Node_Z,0.1529,193.98,0.4579,854.09,0.993,admin3,AS-E,2025-01-22 11:00:00
517,Node_B,Node_Z,0.053,201.65,0.2265,14.22,0.91,admin3,AS-E,2025-01-22 12:00:00
518,Node_E,Node_Y,0.0042,53.0,0.614,512.27,0.641,admin3,US-W,2025-01-22 13:00:00
519,Node_E,Node_W,0.0164,171.7,0.2529,769.67,0.535,admin3,AS-E,2025-01-22 14:00:00
520,Node_C,Node_X,0.1936,232.63,0.5776,934.86,0.528,admin2,EU-C,2025-01-22 15:00:00
521,Node_D,Node_Y,0.0591,152.17,0.3592,909.29,0.56,admin3,US-W,2025-01-22 16:00:00
522,Node_A,Node_X,0.1538,8.57,0.8236,819.81,0.79,admin3,AS-E,2025-01-22 17:00:00
523,Node_D,Node_X,0.1249,7.67,0.8207,888.3,0.964,admin3,AF-S,2025-01-22 18:00:00
524,Node_C,Node_Y,0.0764,110.32,0.4774,200.02,0.748,admin3,US-W,2025-01-22 19:00:00
525,Node_E,Node_X,0.0411,278.23,0.3508,284.9,0.921,admin1,EU-C,2025-01-22 20:00:00
526,Node_D,Node_W,0.0243,72.46,0.3626,289.68,0.723,admin2,EU-C,2025-01-22 21:00:00
527,Node_E,Node_X,0.123,192.14,0.8057,377.68,0.854,admin2,AF-S,2025-01-22 22:00:00
528,Node_A,Node_W,0.1549,70.51,0.3282,393.93,0.866,admin3,AF-S,2025-01-22 23:00:00
529,Node_E,Node_W,0.1288,99.89,0.2091,545.01,0.587,admin1,US-W,2025-01-23 00:00:00
530,Node_E,Node_W,0.1061,255.17,0.0847,160.72,0.681,admin2,US-W,2025-01-23 01:00:00
531,Node_B,Node_Z,0.0084,220.01,0.4667,691.56,0.819,admin2,EU-C,2025-01-23 02:00:00
532,Node_B,Node_X,0.1937,33.14,0.4821,168.4,0.535,admin3,AF-S,2025-01-23 03:00:00
533,Node_B,Node_Y,0.1597,131.47,0.8409,311.0,0.681,admin3,US-W,2025-01-23 04:00:00
534,Node_E,Node_Y,0.0586,13.61,0.2212,503.84,0.767,admin2,EU-C,2025-01-23 05:00:00
535,Node_C,Node_X,0.196,146.86,0.381,796.64,0.998,admin2,AF-S,2025-01-23 06:00:00
536,Node_E,Node_Z,0.1204,200.42,0.8084,739.73,0.737,admin1,EU-C,2025-01-23 07:00:00
537,Node_C,Node_Z,0.1165,39.96,0.8236,645.89,0.908,admin2,AS-E,2025-01-23 08:00:00
538,Node_C,Node_W,0.1496,90.22,0.3846,156.62,0.716,admin2,AF-S,2025-01-23 09:00:00
539,Node_B,Node_X,0.1624,122.36,0.4591,547.5,0.898,admin3,US-W,2025-01-23 10:00:00
540,Node_D,Node_X,0.1313,276.26,0.3033,88.36,0.798,admin2,US-W,2025-01-23 11:00:00
541,Node_A,Node_Y,0.0256,298.01,0.9326,377.99,0.943,admin3,AS-E,2025-01-23 12:00:00
542,Node_B,Node_X,0.0677,18.25,0.1186,414.1,0.705,admin2,AF-S,2025-01-23 13:00:00
543,Node_B,Node_Z,0.1856,229.5,0.9337,40.77,0.802,admin2,EU-C,2025-01-23 14:00:00
544,Node_D,Node_X,0.0449,114.66,0.6839,274.71,0.815,admin2,US-W,2025-01-23 15:00:00
545,Node_A,Node_Y,0.0744,120.78,0.5316,955.69,0.709,admin1,AS-E,2025-01-23 16:00:00
546,Node_E,Node_W,0.0864,227.51,0.0327,953.68,0.572,admin3,AS-E,2025-01-23 17:00:00
547,Node_E,Node_Y,0.0879,275.94,0.4756,352.97,0.547,admin1,AF-S,2025-01-23 18:00:00
548,Node_B,Node_Y,0.1226,285.52,0.4077,44.06,0.508,admin2,AF-S,2025-01-23 19:00:00
549,Node_A,Node_W,0.1886,175.25,0.1612,179.92,0.937,admin1,US-W,2025-01-23 20:00:00
550,Node_B,Node_Y,0.0481,110.35,0.6564,392.83,0.618,admin3,AS-E,2025-01-23 21:00:00
551,Node_C,Node_Y,0.0243,237.33,0.9712,947.83,0.606,admin2,EU-C,2025-01-23 22:00:00
552,Node_B,Node_X,0.0395,79.05,0.5622,142.06,0.868,admin1,AS-E,2025-01-23 23:00:00
553,Node_B,Node_X,0.1774,171.4,0.7148,763.75,0.66,admin1,EU-C,2025-01-24 00:00:00
554,Node_E,Node_W,0.1292,110.78,0.0685,109.57,0.753,admin3,EU-C,2025-01-24 01:00:00
555,Node_E,Node_X,0.0572,198.71,0.4177,981.28,0.581,admin1,US-W,2025-01-24 02:00:00
556,Node_E,Node_X,0.1632,75.92,0.1164,382.23,0.98,admin3,AS-E,2025-01-24 03:00:00
557,Node_C,Node_Y,0.1723,61.52,0.6128,775.46,0.926,admin2,EU-C,2025-01-24 04:00:00
558,Node_E,Node_Z,0.1693,275.88,0.9385,343.25,0.932,admin2,AF-S,2025-01-24 05:00:00
559,Node_A,Node_X,0.1838,35.03,0.6618,628.04,0.703,admin1,EU-C,2025-01-24 06:00:00
560,Node_D,Node_Z,0.0504,154.26,0.0768,192.82,0.881,admin2,AF-S,2025-01-24 07:00:00
561,Node_A,Node_X,0.151,70.15,0.3547,146.87,0.572,admin2,AF-S,2025-01-24 08:00:00
562,Node_A,Node_X,0.0921,16.48,0.5507,938.13,0.504,admin1,AS-E,2025-01-24 09:00:00
563,Node_E,Node_W,0.1684,15.63,0.4032,917.73,0.51,admin2,AF-S,2025-01-24 10:00:00
564,Node_D,Node_W,0.1457,56.69,0.8336,887.58,0.793,admin1,EU-C,2025-01-24 11:00:00
565,Node_D,Node_W,0.1553,260.7,0.8147,625.81,0.728,admin3,AF-S,2025-01-24 12:00:00
566,Node_D,Node_Z,0.1312,88.33,0.6118,808.46,0.759,admin3,AS-E,2025-01-24 13:00:00
567,Node_C,Node_Y,0.0355,285.39,0.3735,69.97,0.504,admin3,US-W,2025-01-24 14:00:00
568,Node_E,Node_X,0.109,176.58,0.2553,335.45,0.711,admin1,EU-C,2025-01-24 15:00:00
569,Node_D,Node_X,0.1969,133.8,0.1059,314.39,0.859,admin1,EU-C,2025-01-24 16:00:00
570,Node_C,Node_X,0.1875,176.13,0.3549,636.01,0.721,admin2,AS-E,2025-01-24 17:00:00
571,Node_B,Node_Z,0.0086,157.43,0.4132,356.6,0.866,admin2,AS-E,2025-01-24 18:00:00
572,Node_B,Node_W,0.033,228.84,0.6758,149.36,0.617,admin2,AS-E,2025-01-24 19:00:00
573,Node_C,Node_Y,0.0263,88.34,0.6582,596.87,0.907,admin2,AS-E,2025-01-24 20:00:00
574,Node_C,Node_Z,0.1452,109.15,0.0701,814.57,0.794,admin2,EU-C,2025-01-24 21:00:00
575,Node_E,Node_W,0.1636,268.76,0.3953,382.74,0.605,admin1,US-W,2025-01-24 22:00:00
576,Node_E,Node_Z,0.0427,284.2,0.1818,133.14,0.618,admin1,AF-S,2025-01-24 23:00:00
577,Node_B,Node_Y,0.1012,268.3,0.1568,197.49,0.814,admin3,AF-S,2025-01-25 00:00:00
578,Node_D,Node_W,0.1681,128.74,0.8273,238.25,0.915,admin3,US-W,2025-01-25 01:00:00
579,Node_B,Node_Z,0.1466,235.21,0.0419,300.6,0.708,admin3,US-W,2025-01-25 02:00:00
580,Node_D,Node_Y,0.1084,145.52,0.4192,643.15,0.629,admin3,US-W,2025-01-25 03:00:00
581,Node_D,Node_X,0.1181,151.77,0.1682,601.34,0.934,admin1,AS-E,2025-01-25 04:00:00
582,Node_E,Node_Y,0.1017,65.38,0.8793,696.38,0.835,admin1,EU-C,2025-01-25 05:00:00
583,Node_A,Node_X,0.0595,179.38,0.557,363.14,0.724,admin1,EU-C,2025-01-25 06:00:00
584,Node_A,Node_Z,0.113,59.91,0.2314,824.17,0.744,admin2,EU-C,2025-01-25 07:00:00
585,Node_C,Node_W,0.1378,102.81,0.5024,204.88,0.602,admin2,AS-E,2025-01-25 08:00:00
586,Node_E,Node_W,0.1747,257.23,0.7315,469.57,0.813,admin3,EU-C,2025-01-25 09:00:00
587,Node_D,Node_Z,0.1273,66.09,0.9581,801.14,0.679,admin2,AS-E,2025-01-25 10:00:00
588,Node_A,Node_W,0.1522,25.99,0.2204,180.98,0.998,admin1,EU-C,2025-01-25 11:00:00
589,Node_D,Node_W,0.032,25.36,0.8862,110.75,0.74,admin3,US-W,2025-01-25 12:00:00
590,Node_A,Node_X,0.0923,282.53,0.9343,883.8,0.743,admin3,AF-S,2025-01-25 13:00:00
591,Node_A,Node_Z,0.0019,154.54,0.9164,343.59,0.783,admin2,AF-S,2025-01-25 14:00:00
592,Node_A,Node_Y,0.0493,125.78,0.6354,684.19,0.958,admin3,AS-E,2025-01-25 15:00:00
593,Node_E,Node_X,0.1453,244.21,0.6298,26.32,0.9,admin2,EU-C,2025-01-25 16:00:00
594,Node_B,Node_Z,0.1984,251.57,0.4032,690.36,0.726,admin2,AF-S,2025-01-25 17:00:00
595,Node_D,Node_X,0.0198,103.0,0.7524,316.79,0.859,admin3,US-W,2025-01-25 18:00:00
596,Node_E,Node_Y,0.0803,209.62,0.5313,56.69,0.793,admin2,US-W,2025-01-25 19:00:00
597,Node_E,Node_Y,0.16,232.48,0.6774,610.2,0.746,admin2,US-W,2025-01-25 20:00:00
598,Node_E,Node_Z,0.0408,198.12,0.4285,241.56,0.596,admin2,AS-E,2025-01-25 21:00:00
599,Node_E,Node_Y,0.111,49.72,0.7315,387.42,0.732,admin2,AS-E,2025-01-25 22:00:00
600,Node_E,Node_X,0.1466,263.39,0.8245,81.5,0.623,admin3,EU-C,2025-01-25 23:00:00
601,Node_C,Node_Y,0.1232,164.03,0.1464,148.02,0.957,admin1,US-W,2025-01-26 00:00:00
602,Node_D,Node_X,0.0376,88.33,0.8329,298.68,0.668,admin1,EU-C,2025-01-26 01:00:00
603,Node_E,Node_X,0.0711,130.44,0.5403,90.67,0.976,admin2,EU-C,2025-01-26 02:00:00
604,Node_D,Node_Y,0.1568,16.08,0.8447,910.92,0.767,admin2,US-W,2025-01-26 03:00:00
605,Node_C,Node_Z,0.1108,42.72,0.4313,7.04,0.816,admin2,EU-C,2025-01-26 04:00:00
606,Node_C,Node_W,0.001,230.84,0.379,484.38,0.771,admin1,AF-S,2025-01-26 05:00:00
607,Node_D,Node_Y,0.1522,5.0,0.9151,124.12,0.565,admin2,AS-E,2025-01-26 06:00:00
608,Node_A,Node_X,0.0071,127.89,0.2512,308.37,0.688,admin3,EU-C,2025-01-26 07:00:00
609,Node_B,Node_X,0.1491,159.14,0.8442,926.13,0.55,admin3,US-W,2025-01-26 08:00:00
610,Node_A,Node_Y,0.0405,21.12,0.484,162.53,0.811,admin3,AS-E,2025-01-26 09:00:00
611,Node_A,Node_Z,0.1916,292.06,0.5141,965.87,0.723,admin1,AS-E,2025-01-26 10:00:00
612,Node_A,Node_Z,0.0736,71.71,0.3085,206.59,0.889,admin2,EU-C,2025-01-26 11:00:00
613,Node_E,Node_X,0.0654,94.74,0.573,741.82,0.61,admin2,AF-S,2025-01-26 12:00:00
614,Node_C,Node_X,0.0298,94.66,0.3252,547.13,0.582,admin2,EU-C,2025-01-26 13:00:00
615,Node_A,Node_Z,0.0611,72.97,0.0393,884.59,0.703,admin1,AF-S,2025-01-26 14:00:00
616,Node_C,Node_W,0.1753,5.43,0.272,554.44,0.963,admin1,AS-E,2025-01-26 15:00:00
617,Node_D,Node_Y,0.1993,220.16,0.0064,535.02,0.855,admin1,EU-C,2025-01-26 16:00:00
618,Node_B,Node_X,0.0737,290.22,0.9784,196.26,0.709,admin1,US-W,2025-01-26 17:00:00
619,Node_D,Node_X,0.0897,71.17,0.9657,167.06,0.759,admin3,EU-C,2025-01-26 18:00:00
620,Node_D,Node_Z,0.1444,200.6,0.3952,916.57,0.542,admin1,AF-S,2025-01-26 19:00:00
621,Node_E,Node_Y,0.1772,223.86,0.7284,328.51,0.992,admin1,AF-S,2025-01-26 20:00:00
622,Node_B,Node_Z,0.1186,255.29,0.3458,372.71,0.833,admin1,EU-C,2025-01-26 21:00:00
623,Node_D,Node_Y,0.0783,129.68,0.6711,760.06,0.643,admin2,AF-S,2025-01-26 22:00:00
624,Node_D,Node_Y,0.0825,94.36,0.8054,339.48,0.793,admin2,AS-E,2025-01-26 23:00:00
625,Node_B,Node_Y,0.1391,100.96,0.9468,952.11,0.555,admin2,EU-C,2025-01-27 00:00:00
626,Node_B,Node_X,0.0006,215.22,0.4002,738.19,0.983,admin3,AF-S,2025-01-27 01:00:00
627,Node_D,Node_W,0.1239,245.95,0.7833,597.83,0.587,admin3,EU-C,2025-01-27 02:00:00
628,Node_B,Node_Z,0.0711,58.58,0.2659,881.01,0.824,admin1,EU-C,2025-01-27 03:00:00
629,Node_D,Node_W,0.1588,114.43,0.9903,50.56,0.623,admin2,US-W,2025-01-27 04:00:00
630,Node_D,Node_Z,0.0186,271.07,0.0258,257.81,0.859,admin3,EU-C,2025-01-27 05:00:00
631,Node_E,Node_Y,0.1176,242.97,0.6035,465.57,0.888,admin2,US-W,2025-01-27 06:00:00
632,Node_A,Node_X,0.0962,295.53,0.6595,227.75,0.837,admin3,AF-S,2025-01-27 07:00:00
633,Node_D,Node_W,0.1285,227.5,0.688,744.16,0.807,admin3,US-W,2025-01-27 08:00:00
634,Node_C,Node_X,0.013,120.99,0.1204,919.29,0.946,admin1,US-W,2025-01-27 09:00:00
635,Node_A,Node_Z,0.116,179.24,0.9385,424.35,0.539,admin1,US-W,2025-01-27 10:00:00
636,Node_A,Node_X,0.1123,200.0,0.1812,342.79,0.665,admin3,AS-E,2025-01-27 11:00:00
637,Node_A,Node_X,0.1121,28.14,0.6228,961.59,0.624,admin1,US-W,2025-01-27 12:00:00
638,Node_E,Node_W,0.1207,165.63,0.2227,445.41,0.994,admin3,EU-C,2025-01-27 13:00:00
639,Node_D,Node_Y,0.1353,214.25,0.3072,489.56,0.695,admin3,US-W,2025-01-27 14:00:00
640,Node_E,Node_X,0.161,54.36,0.5465,352.3,0.866,admin2,EU-C,2025-01-27 15:00:00
641,Node_D,Node_Y,0.054,235.29,0.4172,909.64,0.842,admin1,US-W,2025-01-27 16:00:00
642,Node_E,Node_Z,0.165,177.21,0.1602,569.39,0.606,admin1,AS-E,2025-01-27 17:00:00
643,Node_E,Node_X,0.0997,285.91,0.1709,762.41,0.619,admin1,AF-S,2025-01-27 18:00:00
644,Node_C,Node_W,0.0154,17.51,0.4181,811.99,0.641,admin2,US-W,2025-01-27 19:00:00
645,Node_E,Node_Z,0.0117,83.27,0.7573,342.51,0.706,admin2,US-W,2025-01-27 20:00:00
646,Node_B,Node_Z,0.0668,182.46,0.898,434.26,0.617,admin2,AS-E,2025-01-27 21:00:00
647,Node_C,Node_W,0.157,92.49,0.0841,848.62,0.51,admin1,US-W,2025-01-27 22:00:00
648,Node_E,Node_X,0.1415,215.76,0.3931,363.89,0.94,admin1,EU-C,2025-01-27 23:00:00
649,Node_A,Node_X,0.1577,228.91,0.1002,794.14,0.983,admin1,US-W,2025-01-28 00:00:00
650,Node_B,Node_Z,0.1035,35.24,0.0166,941.05,0.671,admin2,US-W,2025-01-28 01:00:00
651,Node_B,Node_X,0.088,156.59,0.6617,623.59,0.669,admin2,AF-S,2025-01-28 02:00:00
652,Node_B,Node_Y,0.0295,155.12,0.6024,741.89,0.504,admin3,AF-S,2025-01-28 03:00:00
653,Node_C,Node_W,0.0656,113.94,0.163,805.29,0.84,admin2,US-W,2025-01-28 04:00:00
654,Node_E,Node_Y,0.0868,280.21,0.2338,845.19,0.913,admin3,AS-E,2025-01-28 05:00:00
655,Node_E,Node_X,0.0177,249.11,0.0237,395.66,0.573,admin1,AF-S,2025-01-28 06:00:00
656,Node_A,Node_Z,0.0441,210.68,0.8349,52.21,0.58,admin2,US-W,2025-01-28 07:00:00
657,Node_A,Node_W,0.1196,215.73,0.9747,402.47,0.895,admin1,AF-S,2025-01-28 08:00:00
658,Node_B,Node_X,0.1471,141.21,0.1355,674.08,0.808,admin1,US-W,2025-01-28 09:00:00
659,Node_A,Node_X,0.1997,276.69,0.2315,450.9,0.522,admin1,AF-S,2025-01-28 10:00:00
660,Node_C,Node_Z,0.1866,209.91,0.8684,749.21,0.811,admin1,AF-S,2025-01-28 11:00:00
661,Node_E,Node_Z,0.1285,220.05,0.9265,357.63,0.654,admin2,EU-C,2025-01-28 12:00:00
662,Node_B,Node_Y,0.0842,259.2,0.4196,635.11,0.684,admin1,US-W,2025-01-28 13:00:00
663,Node_A,Node_W,0.1272,85.85,0.0506,187.23,0.885,admin3,US-W,2025-01-28 14:00:00
664,Node_C,Node_W,0.1571,243.09,0.0394,749.62,0.905,admin2,US-W,2025-01-28 15:00:00
665,Node_C,Node_Z,0.0237,62.6,0.5739,546.15,0.7,admin1,US-W,2025-01-28 16:00:00
666,Node_A,Node_Y,0.082,106.88,0.3929,204.86,0.974,admin2,AF-S,2025-01-28 17:00:00
667,Node_E,Node_W,0.168,104.01,0.0287,292.62,0.703,admin3,EU-C,2025-01-28 18:00:00
668,Node_A,Node_Z,0.0768,293.67,0.5833,748.86,0.886,admin1,EU-C,2025-01-28 19:00:00
669,Node_B,Node_X,0.1144,257.68,0.0113,483.12,0.742,admin3,AS-E,2025-01-28 20:00:00
670,Node_A,Node_W,0.1176,211.85,0.7874,216.82,0.949,admin1,US-W,2025-01-28 21:00:00
671,Node_C,Node_Y,0.0369,219.48,0.3064,967.3,0.954,admin3,AS-E,2025-01-28 22:00:00
672,Node_A,Node_Y,0.0724,170.81,0.0403,715.41,0.544,admin1,AF-S,2025-01-28 23:00:00
673,Node_E,Node_Y,0.0669,284.39,0.5884,957.18,0.968,admin2,AS-E,2025-01-29 00:00:00
674,Node_D,Node_X,0.0052,151.4,0.3977,427.68,0.913,admin1,US-W,2025-01-29 01:00:00
675,Node_A,Node_W,0.0048,117.25,0.9738,475.63,0.896,admin2,EU-C,2025-01-29 02:00:00
676,Node_E,Node_W,0.1663,53.1,0.5442,898.06,0.6,admin1,EU-C,2025-01-29 03:00:00
677,Node_E,Node_X,0.0546,236.93,0.2752,525.52,0.903,admin1,US-W,2025-01-29 04:00:00
678,Node_C,Node_W,0.1036,221.66,0.7094,707.57,0.925,admin3,AF-S,2025-01-29 05:00:00
679,Node_E,Node_X,0.0597,118.38,0.2715,252.92,0.645,admin3,US-W,2025-01-29 06:00:00
680,Node_E,Node_X,0.1881,12.43,0.9042,447.28,0.976,admin3,AF-S,2025-01-29 07:00:00
681,Node_E,Node_X,0.0519,252.5,0.3747,124.33,0.525,admin1,EU-C,2025-01-29 08:00:00
682,Node_E,Node_Y,0.0859,8.37,0.5499,206.77,0.575,admin1,AF-S,2025-01-29 09:00:00
683,Node_B,Node_W,0.1745,212.59,0.0506,1.94,0.769,admin1,US-W,2025-01-29 10:00:00
684,Node_B,Node_X,0.1684,291.23,0.4261,40.23,0.788,admin2,US-W,2025-01-29 11:00:00
685,Node_C,Node_W,0.0372,134.11,0.8324,977.31,0.823,admin2,US-W,2025-01-29 12:00:00
686,Node_A,Node_Y,0.1605,74.32,0.8056,243.11,0.508,admin1,AF-S,2025-01-29 13:00:00
687,Node_E,Node_X,0.0916,212.94,0.2243,663.65,0.98,admin3,AF-S,2025-01-29 14:00:00
688,Node_A,Node_Z,0.0966,246.05,0.2261,839.26,0.522,admin3,AF-S,2025-01-29 15:00:00
689,Node_A,Node_Y,0.0267,166.2,0.8173,551.11,0.572,admin3,EU-C,2025-01-29 16:00:00
690,Node_C,Node_Z,0.0161,290.28,0.9304,153.99,0.507,admin1,AS-E,2025-01-29 17:00:00
691,Node_E,Node_W,0.1456,20.24,0.0954,728.39,0.783,admin3,AS-E,2025-01-29 18:00:00
692,Node_E,Node_W,0.0993,153.91,0.4501,600.65,0.966,admin1,US-W,2025-01-29 19:00:00
693,Node_D,Node_Y,0.0874,216.94,0.3375,731.52,0.833,admin2,EU-C,2025-01-29 20:00:00
694,Node_A,Node_W,0.1459,259.48,0.8707,769.98,0.911,admin3,AF-S,2025-01-29 21:00:00
695,Node_A,Node_Z,0.1531,57.88,0.0835,975.43,0.507,admin2,US-W,2025-01-29 22:00:00
696,Node_B,Node_X,0.0318,241.0,0.2111,573.99,0.771,admin3,EU-C,2025-01-29 23:00:00
697,Node_D,Node_X,0.122,168.05,0.7525,342.3,0.73,admin1,US-W,2025-01-30 00:00:00
698,Node_B,Node_X,0.0271,121.98,0.0513,648.82,0.749,admin1,EU-C,2025-01-30 01:00:00
699,Node_B,Node_Y,0.1503,43.86,0.4925,69.37,0.536,admin1,EU-C,2025-01-30 02:00:00
700,Node_B,Node_W,0.1314,260.26,0.4421,897.5,0.842,admin1,AS-E,2025-01-30 03:00:00
701,Node_C,Node_Z,0.1913,51.4,0.3344,120.26,0.752,admin3,US-W,2025-01-30 04:00:00
702,Node_C,Node_W,0.0138,96.39,0.3946,328.51,0.883,admin2,AF-S,2025-01-30 05:00:00
703,Node_B,Node_W,0.0114,90.56,0.5299,815.93,0.743,admin1,AS-E,2025-01-30 06:00:00
704,Node_D,Node_W,0.0564,262.07,0.1614,597.72,0.575,admin3,AS-E,2025-01-30 07:00:00
705,Node_A,Node_X,0.0523,203.45,0.572,394.24,0.824,admin2,AF-S,2025-01-30 08:00:00
706,Node_D,Node_Z,0.0494,240.02,0.8054,473.96,0.586,admin1,EU-C,2025-01-30 09:00:00
707,Node_E,Node_Z,0.1813,78.89,0.7602,854.69,0.936,admin2,AF-S,2025-01-30 10:00:00
708,Node_C,Node_W,0.0499,189.34,0.1539,340.66,0.807,admin1,US-W,2025-01-30 11:00:00
709,Node_A,Node_X,0.0544,173.67,0.1492,869.78,0.579,admin2,AF-S,2025-01-30 12:00:00
710,Node_A,Node_X,0.1519,250.68,0.2682,89.05,0.981,admin2,EU-C,2025-01-30 13:00:00
711,Node_E,Node_Z,0.0899,272.3,0.3611,777.02,0.759,admin1,AF-S,2025-01-30 14:00:00
712,Node_E,Node_X,0.1553,8.59,0.4085,847.7,0.536,admin3,EU-C,2025-01-30 15:00:00
713,Node_B,Node_X,0.0131,203.84,0.6797,182.64,0.813,admin2,EU-C,2025-01-30 16:00:00
714,Node_C,Node_X,0.0975,20.29,0.0567,430.92,0.627,admin1,US-W,2025-01-30 17:00:00
715,Node_C,Node_Y,0.0067,166.91,0.0347,166.33,0.902,admin2,AF-S,2025-01-30 18:00:00
716,Node_D,Node_W,0.0125,89.85,0.3919,706.9,0.909,admin2,AF-S,2025-01-30 19:00:00
717,Node_B,Node_Z,0.1813,95.5,0.6972,535.81,0.989,admin3,US-W,2025-01-30 20:00:00
718,Node_B,Node_Z,0.0278,109.12,0.1934,635.69,0.751,admin2,EU-C,2025-01-30 21:00:00
719,Node_B,Node_Y,0.1065,188.28,0.6415,197.29,0.727,admin2,AF-S,2025-01-30 22:00:00
720,Node_B,Node_W,0.0822,103.54,0.2598,212.53,0.877,admin1,US-W,2025-01-30 23:00:00
721,Node_C,Node_Z,0.0695,221.15,0.8861,42.46,0.566,admin1,EU-C,2025-01-31 00:00:00
722,Node_C,Node_X,0.18,124.34,0.8957,322.75,0.773,admin3,US-W,2025-01-31 01:00:00
723,Node_B,Node_Z,0.0044,25.16,0.2973,560.18,0.773,admin2,AF-S,2025-01-31 02:00:00
724,Node_D,Node_X,0.1328,236.21,0.23,858.08,0.545,admin2,US-W,2025-01-31 03:00:00
725,Node_A,Node_Y,0.1927,89.3,0.4113,667.26,0.709,admin2,AS-E,2025-01-31 04:00:00
726,Node_A,Node_X,0.112,132.67,0.2405,435.96,0.927,admin3,EU-C,2025-01-31 05:00:00
727,Node_D,Node_Z,0.1874,207.21,0.6724,953.17,0.928,admin2,AS-E,2025-01-31 06:00:00
728,Node_B,Node_Z,0.0105,103.07,0.8261,719.53,0.55,admin1,AS-E,2025-01-31 07:00:00
729,Node_C,Node_Z,0.0838,21.69,0.6731,930.24,0.545,admin3,EU-C,2025-01-31 08:00:00
730,Node_A,Node_Y,0.052,115.31,0.8244,528.06,0.631,admin1,EU-C,2025-01-31 09:00:00
731,Node_E,Node_Y,0.1462,283.61,0.397,259.65,0.937,admin1,US-W,2025-01-31 10:00:00
732,Node_E,Node_W,0.1963,194.31,0.1563,53.77,0.564,admin3,EU-C,2025-01-31 11:00:00
733,Node_D,Node_Z,0.0513,203.09,0.738,726.36,0.86,admin1,AS-E,2025-01-31 12:00:00
734,Node_B,Node_X,0.1308,191.52,0.3605,122.18,0.551,admin2,AS-E,2025-01-31 13:00:00
735,Node_A,Node_Y,0.0396,63.7,0.6713,303.47,0.812,admin3,AF-S,2025-01-31 14:00:00
736,Node_B,Node_Z,0.1131,128.41,0.2706,532.94,0.678,admin1,EU-C,2025-01-31 15:00:00
737,Node_A,Node_Z,0.0928,226.53,0.0812,564.85,0.894,admin2,AS-E,2025-01-31 16:00:00
738,Node_D,Node_Y,0.1944,34.91,0.9926,600.98,0.617,admin2,AF-S,2025-01-31 17:00:00
739,Node_D,Node_W,0.1217,86.97,0.1562,167.09,0.82,admin1,AF-S,2025-01-31 18:00:00
740,Node_E,Node_Y,0.0699,86.51,0.9884,380.36,0.618,admin2,US-W,2025-01-31 19:00:00
741,Node_B,Node_Y,0.0228,132.45,0.9773,617.58,0.857,admin3,AS-E,2025-01-31 20:00:00
742,Node_E,Node_X,0.0302,294.21,0.7938,969.85,0.937,admin1,US-W,2025-01-31 21:00:00
743,Node_B,Node_X,0.0451,24.91,0.6594,727.9,0.563,admin2,AS-E,2025-01-31 22:00:00
744,Node_E,Node_W,0.0502,158.02,0.5778,922.68,0.933,admin2,US-W,2025-01-31 23:00:00
745,Node_C,Node_Z,0.1701,57.91,0.8661,762.45,0.797,admin1,US-W,2025-02-01 00:00:00
746,Node_C,Node_Y,0.1122,291.35,0.2894,592.13,0.564,admin1,EU-C,2025-02-01 01:00:00
747,Node_C,Node_W,0.1047,38.42,0.4677,192.83,0.714,admin1,US-W,2025-02-01 02:00:00
748,Node_C,Node_X,0.023,124.06,0.6194,667.02,0.58,admin1,EU-C,2025-02-01 03:00:00
749,Node_A,Node_Y,0.172,222.68,0.4112,623.76,0.85,admin3,AF-S,2025-02-01 04:00:00
750,Node_C,Node_Z,0.1446,212.84,0.4275,602.87,0.879,admin1,AS-E,2025-02-01 05:00:00
751,Node_D,Node_X,0.0135,129.7,0.3303,490.3,0.553,admin3,AF-S,2025-02-01 06:00:00
752,Node_D,Node_X,0.1416,107.22,0.5642,529.13,0.753,admin3,AS-E,2025-02-01 07:00:00
753,Node_A,Node_X,0.1087,122.3,0.8506,335.11,0.907,admin1,AF-S,2025-02-01 08:00:00
754,Node_C,Node_W,0.0163,82.96,0.2015,519.79,0.968,admin3,AS-E,2025-02-01 09:00:00
755,Node_C,Node_Z,0.0917,65.57,0.9344,198.36,0.757,admin1,US-W,2025-02-01 10:00:00
756,Node_C,Node_Y,0.0969,147.5,0.6891,805.37,0.975,admin1,AS-E,2025-02-01 11:00:00
757,Node_E,Node_W,0.0332,84.22,0.8233,186.59,0.768,admin2,AS-E,2025-02-01 12:00:00
758,Node_B,Node_W,0.1891,89.8,0.5562,85.88,0.697,admin1,AF-S,2025-02-01 13:00:00
759,Node_E,Node_W,0.17,198.74,0.7795,436.81,0.924,admin2,AF-S,2025-02-01 14:00:00
760,Node_B,Node_X,0.1338,290.72,0.0162,658.65,0.746,admin3,AF-S,2025-02-01 15:00:00
761,Node_C,Node_Z,0.0925,183.07,0.8184,438.28,0.736,admin2,EU-C,2025-02-01 16:00:00
762,Node_C,Node_W,0.0824,27.71,0.0401,277.48,0.745,admin3,EU-C,2025-02-01 17:00:00
763,Node_E,Node_Y,0.1302,27.3,0.8899,558.61,0.923,admin1,AS-E,2025-02-01 18:00:00
764,Node_E,Node_Z,0.1091,285.67,0.992,347.66,0.916,admin3,AS-E,2025-02-01 19:00:00
765,Node_B,Node_Y,0.0125,92.7,0.2941,932.93,0.702,admin3,US-W,2025-02-01 20:00:00
766,Node_D,Node_Z,0.1025,32.16,0.2103,922.72,0.667,admin1,US-W,2025-02-01 21:00:00
767,Node_B,Node_Y,0.1613,181.72,0.7654,502.87,0.746,admin3,AS-E,2025-02-01 22:00:00
768,Node_E,Node_X,0.0918,188.98,0.253,328.56,0.786,admin1,EU-C,2025-02-01 23:00:00
769,Node_E,Node_W,0.0104,196.31,0.8656,737.4,0.619,admin2,AS-E,2025-02-02 00:00:00
770,Node_A,Node_Y,0.1573,83.88,0.1028,37.68,0.897,admin1,US-W,2025-02-02 01:00:00
771,Node_E,Node_Z,0.0403,9.46,0.126,475.29,0.743,admin1,EU-C,2025-02-02 02:00:00
772,Node_A,Node_W,0.0517,289.68,0.9792,336.99,0.667,admin3,EU-C,2025-02-02 03:00:00
773,Node_D,Node_W,0.0329,79.01,0.6738,920.62,0.553,admin2,US-W,2025-02-02 04:00:00
774,Node_B,Node_Z,0.066,204.43,0.8469,12.99,0.619,admin1,AS-E,2025-02-02 05:00:00
775,Node_B,Node_Y,0.1514,213.46,0.3243,553.26,0.975,admin2,AF-S,2025-02-02 06:00:00
776,Node_A,Node_X,0.1039,184.95,0.6765,740.92,0.653,admin2,AS-E,2025-02-02 07:00:00
777,Node_B,Node_X,0.041,97.31,0.5942,485.53,0.584,admin3,AS-E,2025-02-02 08:00:00
778,Node_E,Node_Y,0.1756,84.97,0.6032,86.32,0.73,admin1,US-W,2025-02-02 09:00:00
779,Node_C,Node_W,0.1759,181.31,0.6825,972.49,0.654,admin3,EU-C,2025-02-02 10:00:00
780,Node_A,Node_W,0.1741,260.5,0.5754,518.49,0.518,admin1,US-W,2025-02-02 11:00:00
781,Node_B,Node_W,0.0478,284.29,0.4291,614.57,0.662,admin2,AS-E,2025-02-02 12:00:00
782,Node_A,Node_W,0.0902,36.24,0.2759,237.37,0.772,admin1,AF-S,2025-02-02 13:00:00
783,Node_A,Node_Y,0.197,50.67,0.7686,484.01,0.776,admin1,AF-S,2025-02-02 14:00:00
784,Node_C,Node_W,0.1544,283.7,0.2263,429.72,0.678,admin2,AF-S,2025-02-02 15:00:00
785,Node_E,Node_Z,0.0054,222.28,0.6924,75.82,0.724,admin2,US-W,2025-02-02 16:00:00
786,Node_A,Node_W,0.013,265.48,0.2333,107.05,0.983,admin1,EU-C,2025-02-02 17:00:00
787,Node_B,Node_X,0.0928,64.78,0.6253,837.64,0.689,admin3,US-W,2025-02-02 18:00:00
788,Node_D,Node_W,0.1818,178.34,0.7471,240.58,0.629,admin1,AF-S,2025-02-02 19:00:00
789,Node_A,Node_Y,0.1077,211.84,0.2187,195.76,0.622,admin2,AS-E,2025-02-02 20:00:00
790,Node_A,Node_X,0.0996,205.63,0.0599,505.41,0.729,admin3,EU-C,2025-02-02 21:00:00
791,Node_C,Node_Y,0.0211,125.4,0.131,768.98,0.88,admin2,US-W,2025-02-02 22:00:00
792,Node_E,Node_Y,0.1314,9.54,0.606,62.88,0.603,admin2,US-W,2025-02-02 23:00:00
793,Node_D,Node_X,0.1644,176.96,0.8494,577.23,0.855,admin3,EU-C,2025-02-03 00:00:00
794,Node_B,Node_Y,0.0761,79.66,0.045,120.09,0.511,admin2,EU-C,2025-02-03 01:00:00
795,Node_D,Node_Y,0.1551,137.83,0.7342,37.42,0.709,admin2,AS-E,2025-02-03 02:00:00
796,Node_B,Node_W,0.1929,287.49,0.3413,53.69,0.888,admin2,EU-C,2025-02-03 03:00:00
797,Node_E,Node_Z,0.0408,122.72,0.4785,834.33,0.669,admin2,AS-E,2025-02-03 04:00:00
798,Node_B,Node_Y,0.1047,252.74,0.9289,118.85,0.782,admin2,AF-S,2025-02-03 05:00:00
799,Node_C,Node_Y,0.0574,60.62,0.332,46.11,0.602,admin2,AF-S,2025-02-03 06:00:00
800,Node_C,Node_Y,0.1586,203.38,0.4653,438.46,0.871,admin2,US-W,2025-02-03 07:00:00
801,Node_C,Node_W,0.1155,293.22,0.0137,844.15,0.526,admin2,AF-S,2025-02-03 08:00:00
802,Node_C,Node_Z,0.1269,35.06,0.0816,263.15,0.926,admin2,AF-S,2025-02-03 09:00:00
803,Node_D,Node_X,0.1596,7.45,0.2586,422.29,0.599,admin1,AS-E,2025-02-03 10:00:00
804,Node_E,Node_W,0.0792,132.91,0.0279,40.88,0.937,admin1,US-W,2025-02-03 11:00:00
805,Node_B,Node_W,0.183,32.32,0.6314,449.63,0.676,admin2,EU-C,2025-02-03 12:00:00
806,Node_B,Node_Z,0.1066,225.77,0.4264,578.04,0.861,admin1,US-W,2025-02-03 13:00:00
807,Node_C,Node_Z,0.0316,274.79,0.5481,571.34,0.66,admin3,AF-S,2025-02-03 14:00:00
808,Node_C,Node_W,0.1392,133.04,0.1746,333.09,0.953,admin1,EU-C,2025-02-03 15:00:00
809,Node_A,Node_X,0.1587,81.32,0.2959,316.22,0.563,admin2,US-W,2025-02-03 16:00:00
810,Node_E,Node_W,0.0634,133.15,0.6638,107.52,0.589,admin2,US-W,2025-02-03 17:00:00
811,Node_D,Node_Z,0.1714,218.42,0.9653,367.43,0.747,admin1,US-W,2025-02-03 18:00:00
812,Node_B,Node_X,0.1812,7.67,0.0504,100.4,0.541,admin2,US-W,2025-02-03 19:00:00
813,Node_A,Node_Z,0.0554,178.89,0.8904,766.83,0.598,admin3,AS-E,2025-02-03 20:00:00
814,Node_A,Node_X,0.1967,185.92,0.5769,966.31,0.972,admin3,US-W,2025-02-03 21:00:00
815,Node_B,Node_Y,0.0281,193.12,0.5639,970.1,0.988,admin2,AF-S,2025-02-03 22:00:00
816,Node_D,Node_Z,0.0404,76.4,0.5003,865.21,0.688,admin3,AF-S,2025-02-03 23:00:00
817,Node_A,Node_Z,0.0368,215.65,0.0694,601.19,0.962,admin3,AS-E,2025-02-04 00:00:00
818,Node_A,Node_W,0.1788,31.96,0.0899,701.16,0.772,admin1,EU-C,2025-02-04 01:00:00
819,Node_E,Node_Z,0.1309,63.78,0.6009,285.92,0.635,admin3,EU-C,2025-02-04 02:00:00
820,Node_D,Node_Z,0.0304,263.85,0.341,631.14,0.851,admin1,AF-S,2025-02-04 03:00:00
821,Node_A,Node_Y,0.0881,222.92,0.9173,456.19,0.829,admin2,AF-S,2025-02-04 04:00:00
822,Node_D,Node_Z,0.1231,9.05,0.4066,482.54,0.995,admin1,AS-E,2025-02-04 05:00:00
823,Node_B,Node_Y,0.0167,78.27,0.1433,758.02,0.633,admin2,EU-C,2025-02-04 06:00:00
824,Node_C,Node_Y,0.1765,68.25,0.7147,282.64,0.836,admin2,EU-C,2025-02-04 07:00:00
825,Node_A,Node_Y,0.1607,84.89,0.2934,318.72,0.526,admin2,US-W,2025-02-04 08:00:00
826,Node_E,Node_Y,0.101,78.03,0.5255,924.72,0.557,admin2,US-W,2025-02-04 09:00:00
827,Node_B,Node_X,0.1934,23.45,0.6978,57.17,0.502,admin2,US-W,2025-02-04 10:00:00
828,Node_D,Node_W,0.0836,140.39,0.9003,486.15,1.0,admin1,AS-E,2025-02-04 11:00:00
829,Node_B,Node_X,0.1968,221.16,0.7922,912.89,0.901,admin2,AF-S,2025-02-04 12:00:00
830,Node_A,Node_Z,0.1336,183.99,0.6764,610.75,0.893,admin3,AS-E,2025-02-04 13:00:00
831,Node_D,Node_X,0.1269,203.5,0.6796,546.86,0.755,admin3,EU-C,2025-02-04 14:00:00
832,Node_C,Node_X,0.0332,28.94,0.9459,250.49,0.65,admin2,AF-S,2025-02-04 15:00:00
833,Node_B,Node_Z,0.1764,285.69,0.2958,343.93,0.576,admin3,US-W,2025-02-04 16:00:00
834,Node_A,Node_Z,0.0855,252.36,0.0011,852.2,0.642,admin1,AS-E,2025-02-04 17:00:00
835,Node_E,Node_Z,0.0324,242.5,0.272,559.66,0.688,admin1,AS-E,2025-02-04 18:00:00
836,Node_D,Node_X,0.0025,247.78,0.2179,515.23,0.878,admin2,US-W,2025-02-04 19:00:00
837,Node_B,Node_X,0.112,280.15,0.6618,100.48,0.77,admin2,AS-E,2025-02-04 20:00:00
838,Node_B,Node_Z,0.1055,165.55,0.6337,17.01,0.539,admin2,US-W,2025-02-04 21:00:00
839,Node_C,Node_W,0.1439,64.08,0.5935,963.72,0.509,admin3,EU-C,2025-02-04 22:00:00
840,Node_C,Node_W,0.1781,186.95,0.0162,377.61,0.551,admin3,AF-S,2025-02-04 23:00:00
841,Node_E,Node_Y,0.0159,224.15,0.7288,603.61,0.705,admin1,EU-C,2025-02-05 00:00:00
842,Node_E,Node_Z,0.1463,222.69,0.3235,80.64,0.967,admin3,EU-C,2025-02-05 01:00:00
843,Node_A,Node_Y,0.0375,158.83,0.6651,683.43,0.819,admin1,US-W,2025-02-05 02:00:00
844,Node_A,Node_W,0.1716,25.2,0.5566,932.63,0.901,admin3,AS-E,2025-02-05 03:00:00
845,Node_E,Node_Y,0.1638,114.48,0.3427,576.09,0.733,admin1,EU-C,2025-02-05 04:00:00
846,Node_E,Node_Z,0.1082,276.63,0.1346,126.99,0.681,admin2,EU-C,2025-02-05 05:00:00
847,Node_D,Node_Z,0.142,177.41,0.0944,582.14,0.554,admin3,EU-C,2025-02-05 06:00:00
848,Node_C,Node_Z,0.0629,163.81,0.8315,766.58,0.938,admin1,AS-E,2025-02-05 07:00:00
849,Node_A,Node_X,0.0942,84.31,0.9184,407.01,0.892,admin3,AS-E,2025-02-05 08:00:00
850,Node_C,Node_Y,0.1643,113.69,0.6498,879.96,0.584,admin2,US-W,2025-02-05 09:00:00
851,Node_C,Node_W,0.0919,269.13,0.1034,649.03,0.756,admin1,EU-C,2025-02-05 10:00:00
852,Node_E,Node_W,0.0716,201.61,0.402,899.35,0.744,admin3,AF-S,2025-02-05 11:00:00
853,Node_D,Node_W,0.0988,237.28,0.7289,623.88,0.813,admin3,AS-E,2025-02-05 12:00:00
854,Node_B,Node_X,0.1656,139.03,0.7798,132.16,0.973,admin2,US-W,2025-02-05 13:00:00
855,Node_D,Node_X,0.067,190.92,0.1182,310.38,0.79,admin2,EU-C,2025-02-05 14:00:00
856,Node_D,Node_Z,0.0348,78.27,0.0,202.59,0.77,admin1,AF-S,2025-02-05 15:00:00
857,Node_C,Node_W,0.1424,213.11,0.7121,908.92,0.525,admin3,AS-E,2025-02-05 16:00:00
858,Node_D,Node_X,0.1652,131.14,0.3566,760.64,0.531,admin3,AF-S,2025-02-05 17:00:00
859,Node_A,Node_Z,0.0201,135.55,0.2545,676.72,0.594,admin2,AS-E,2025-02-05 18:00:00
860,Node_C,Node_W,0.048,196.55,0.0129,301.67,0.516,admin2,US-W,2025-02-05 19:00:00
861,Node_A,Node_Y,0.0284,281.2,0.5403,184.86,0.872,admin1,AF-S,2025-02-05 20:00:00
862,Node_B,Node_Z,0.0696,23.88,0.8512,756.69,0.862,admin3,EU-C,2025-02-05 21:00:00
863,Node_C,Node_X,0.0901,248.3,0.9576,474.68,0.568,admin3,EU-C,2025-02-05 22:00:00
864,Node_B,Node_X,0.1498,91.25,0.5657,226.56,0.918,admin1,AS-E,2025-02-05 23:00:00
865,Node_C,Node_Z,0.1302,135.96,0.5145,617.01,0.577,admin1,EU-C,2025-02-06 00:00:00
866,Node_E,Node_Z,0.1242,11.46,0.0851,41.29,0.651,admin2,AF-S,2025-02-06 01:00:00
867,Node_D,Node_X,0.0705,93.81,0.5489,326.84,0.624,admin2,US-W,2025-02-06 02:00:00
868,Node_E,Node_Y,0.1683,153.28,0.38,469.09,0.686,admin1,AS-E,2025-02-06 03:00:00
869,Node_B,Node_W,0.0943,21.57,0.6071,148.81,0.627,admin1,AF-S,2025-02-06 04:00:00
870,Node_D,Node_Y,0.1958,149.87,0.3887,984.67,0.744,admin3,AS-E,2025-02-06 05:00:00
871,Node_C,Node_Z,0.1268,278.5,0.2403,209.89,0.704,admin1,US-W,2025-02-06 06:00:00
872,Node_D,Node_Y,0.0253,36.09,0.095,131.22,0.993,admin1,AS-E,2025-02-06 07:00:00
873,Node_A,Node_X,0.1352,230.51,0.3149,204.33,0.528,admin3,EU-C,2025-02-06 08:00:00
874,Node_D,Node_Z,0.065,125.85,0.0966,769.29,0.571,admin1,EU-C,2025-02-06 09:00:00
875,Node_A,Node_W,0.1373,198.28,0.1769,426.08,0.526,admin2,AS-E,2025-02-06 10:00:00
876,Node_D,Node_X,0.0139,81.77,0.9873,565.85,0.813,admin2,US-W,2025-02-06 11:00:00
877,Node_A,Node_X,0.035,52.05,0.4441,21.99,0.527,admin3,US-W,2025-02-06 12:00:00
878,Node_B,Node_W,0.1711,52.34,0.5319,35.4,0.918,admin1,EU-C,2025-02-06 13:00:00
879,Node_E,Node_W,0.0454,25.8,0.8736,446.38,0.756,admin2,US-W,2025-02-06 14:00:00
880,Node_C,Node_Y,0.1674,59.77,0.9956,816.84,0.764,admin2,AS-E,2025-02-06 15:00:00
881,Node_D,Node_Z,0.0559,200.94,0.5827,885.35,0.781,admin2,AF-S,2025-02-06 16:00:00
882,Node_E,Node_W,0.1286,265.1,0.8125,87.62,0.585,admin2,AS-E,2025-02-06 17:00:00
883,Node_C,Node_W,0.1388,245.17,0.3269,538.82,0.599,admin1,EU-C,2025-02-06 18:00:00
884,Node_C,Node_Z,0.1025,207.11,0.3057,913.32,0.659,admin1,EU-C,2025-02-06 19:00:00
885,Node_A,Node_W,0.0611,37.58,0.4027,388.58,0.797,admin1,EU-C,2025-02-06 20:00:00
886,Node_B,Node_W,0.0425,90.31,0.6725,829.74,0.605,admin1,US-W,2025-02-06 21:00:00
887,Node_B,Node_Y,0.0066,96.39,0.6822,134.56,0.558,admin2,AS-E,2025-02-06 22:00:00
888,Node_E,Node_X,0.0608,78.74,0.3152,935.46,0.985,admin3,AF-S,2025-02-06 23:00:00
889,Node_B,Node_X,0.1306,156.93,0.1332,751.67,0.511,admin3,AS-E,2025-02-07 00:00:00
890,Node_D,Node_X,0.1877,162.99,0.6324,941.39,0.901,admin2,AF-S,2025-02-07 01:00:00
891,Node_B,Node_X,0.1742,110.28,0.1283,676.94,0.894,admin2,AS-E,2025-02-07 02:00:00
892,Node_E,Node_W,0.1532,109.37,0.5785,364.04,0.649,admin3,EU-C,2025-02-07 03:00:00
893,Node_B,Node_Z,0.1577,249.42,0.6934,938.24,0.568,admin3,AF-S,2025-02-07 04:00:00
894,Node_D,Node_Z,0.133,237.84,0.7006,276.29,0.573,admin2,AS-E,2025-02-07 05:00:00
895,Node_A,Node_Y,0.0521,95.8,0.7535,332.84,0.849,admin2,US-W,2025-02-07 06:00:00
896,Node_E,Node_Y,0.1814,274.57,0.8729,701.11,0.821,admin1,US-W,2025-02-07 07:00:00
897,Node_A,Node_W,0.1341,286.08,0.5,765.55,0.891,admin1,AS-E,2025-02-07 08:00:00
898,Node_A,Node_Z,0.1121,101.39,0.7302,929.47,0.969,admin3,EU-C,2025-02-07 09:00:00
899,Node_A,Node_Z,0.0222,109.56,0.6192,205.6,0.846,admin2,AF-S,2025-02-07 10:00:00
900,Node_C,Node_X,0.0894,154.16,0.1866,798.2,0.578,admin3,AS-E,2025-02-07 11:00:00
901,Node_C,Node_W,0.0921,282.63,0.0257,738.81,0.622,admin1,US-W,2025-02-07 12:00:00
902,Node_A,Node_W,0.1729,263.51,0.2845,64.73,0.921,admin1,AF-S,2025-02-07 13:00:00
903,Node_E,Node_X,0.1093,35.26,0.443,387.84,0.605,admin3,US-W,2025-02-07 14:00:00
904,Node_D,Node_W,0.0761,120.86,0.6171,283.48,0.536,admin1,US-W,2025-02-07 15:00:00
905,Node_D,Node_W,0.1954,168.24,0.85,305.19,0.852,admin2,AS-E,2025-02-07 16:00:00
906,Node_B,Node_Y,0.0221,153.42,0.1962,982.96,0.701,admin3,US-W,2025-02-07 17:00:00
907,Node_E,Node_Z,0.0845,62.19,0.1255,643.13,0.96,admin2,AF-S,2025-02-07 18:00:00
908,Node_C,Node_W,0.0084,258.35,0.9635,717.96,0.825,admin2,EU-C,2025-02-07 19:00:00
909,Node_A,Node_Y,0.148,204.7,0.108,976.64,0.545,admin1,AS-E,2025-02-07 20:00:00
910,Node_B,Node_Z,0.1836,252.18,0.4785,377.82,0.974,admin2,AF-S,2025-02-07 21:00:00
911,Node_D,Node_X,0.056,258.34,0.5856,802.04,0.629,admin3,AS-E,2025-02-07 22:00:00
912,Node_C,Node_Y,0.1717,225.76,0.5414,435.1,0.669,admin2,US-W,2025-02-07 23:00:00
913,Node_C,Node_Y,0.0584,134.57,0.086,869.66,0.701,admin2,US-W,2025-02-08 00:00:00
914,Node_A,Node_Z,0.1822,185.11,0.057,181.48,0.526,admin2,AF-S,2025-02-08 01:00:00
915,Node_D,Node_X,0.1508,52.31,0.1055,947.74,0.748,admin2,AF-S,2025-02-08 02:00:00
916,Node_E,Node_Y,0.161,203.73,0.5856,219.55,0.562,admin2,EU-C,2025-02-08 03:00:00
917,Node_C,Node_W,0.0036,57.88,0.5443,326.89,0.7,admin1,AF-S,2025-02-08 04:00:00
918,Node_A,Node_W,0.1926,209.72,0.2337,756.44,0.675,admin3,AF-S,2025-02-08 05:00:00
919,Node_E,Node_W,0.1453,72.73,0.6378,394.36,0.886,admin1,AS-E,2025-02-08 06:00:00
920,Node_D,Node_X,0.061,39.68,0.8201,608.6,0.902,admin3,US-W,2025-02-08 07:00:00
921,Node_C,Node_Y,0.1659,53.76,0.0416,445.13,0.577,admin3,AF-S,2025-02-08 08:00:00
922,Node_E,Node_W,0.0563,5.59,0.4981,742.63,0.683,admin3,EU-C,2025-02-08 09:00:00
923,Node_E,Node_X,0.1746,217.03,0.6893,229.1,0.687,admin3,AF-S,2025-02-08 10:00:00
924,Node_E,Node_W,0.0225,221.06,0.2523,59.4,0.576,admin3,US-W,2025-02-08 11:00:00
925,Node_C,Node_Z,0.1407,156.91,0.3078,300.63,0.899,admin2,AF-S,2025-02-08 12:00:00
926,Node_C,Node_Y,0.1081,52.6,0.6136,474.83,0.854,admin1,AS-E,2025-02-08 13:00:00
927,Node_B,Node_Y,0.0193,29.65,0.8979,168.85,0.595,admin1,US-W,2025-02-08 14:00:00
928,Node_D,Node_X,0.0484,10.64,0.8099,355.44,0.683,admin2,AF-S,2025-02-08 15:00:00
929,Node_A,Node_X,0.0025,53.9,0.5831,400.58,0.553,admin3,AS-E,2025-02-08 16:00:00
930,Node_E,Node_Y,0.0938,267.8,0.7302,58.33,0.814,admin1,US-W,2025-02-08 17:00:00
931,Node_B,Node_W,0.0603,76.25,0.3648,583.72,0.561,admin2,AF-S,2025-02-08 18:00:00
932,Node_A,Node_W,0.1197,109.51,0.641,884.46,0.993,admin2,AS-E,2025-02-08 19:00:00
933,Node_B,Node_Z,0.0594,36.08,0.4662,152.59,0.89,admin1,EU-C,2025-02-08 20:00:00
934,Node_C,Node_W,0.06,70.6,0.1899,598.21,0.695,admin1,AS-E,2025-02-08 21:00:00
935,Node_E,Node_X,0.1486,158.17,0.7017,665.07,0.789,admin3,EU-C,2025-02-08 22:00:00
936,Node_A,Node_X,0.0096,184.29,0.5565,419.92,0.956,admin3,AF-S,2025-02-08 23:00:00
937,Node_A,Node_W,0.1806,77.38,0.3586,701.4,0.777,admin1,AS-E,2025-02-09 00:00:00
938,Node_A,Node_X,0.1705,22.03,0.9113,411.32,0.587,admin3,EU-C,2025-02-09 01:00:00
939,Node_A,Node_Y,0.1336,120.35,0.0209,505.13,0.689,admin2,US-W,2025-02-09 02:00:00
940,Node_A,Node_Y,0.1186,74.09,0.3158,8.35,0.922,admin3,AS-E,2025-02-09 03:00:00
941,Node_B,Node_W,0.1785,69.77,0.0569,692.03,0.822,admin3,AF-S,2025-02-09 04:00:00
942,Node_E,Node_Y,0.0371,288.16,0.7665,661.68,0.825,admin2,US-W,2025-02-09 05:00:00
943,Node_C,Node_Y,0.0158,186.81,0.7021,39.36,0.933,admin3,EU-C,2025-02-09 06:00:00
944,Node_C,Node_Z,0.0479,169.28,0.3314,368.88,0.947,admin2,AS-E,2025-02-09 07:00:00
945,Node_C,Node_Z,0.1589,127.65,0.6757,979.05,0.96,admin3,AS-E,2025-02-09 08:00:00
946,Node_C,Node_Y,0.0069,131.54,0.3959,421.32,0.547,admin1,AF-S,2025-02-09 09:00:00
947,Node_B,Node_W,0.1166,164.57,0.7563,502.44,0.772,admin3,US-W,2025-02-09 10:00:00
948,Node_D,Node_Z,0.1991,210.45,0.4542,910.02,0.87,admin1,AS-E,2025-02-09 11:00:00
949,Node_E,Node_X,0.1711,212.13,0.4123,717.54,0.878,admin1,AS-E,2025-02-09 12:00:00
950,Node_A,Node_X,0.1043,55.65,0.9347,582.49,0.803,admin1,US-W,2025-02-09 13:00:00
951,Node_D,Node_X,0.0127,152.53,0.2509,798.01,0.583,admin1,AS-E,2025-02-09 14:00:00
952,Node_C,Node_W,0.1663,126.53,0.1204,864.5,0.899,admin1,US-W,2025-02-09 15:00:00
953,Node_D,Node_Y,0.1198,261.81,0.5845,457.43,0.86,admin2,US-W,2025-02-09 16:00:00
954,Node_E,Node_X,0.023,191.27,0.9693,475.63,0.543,admin2,US-W,2025-02-09 17:00:00
955,Node_A,Node_W,0.0188,162.09,0.3778,386.66,0.732,admin2,AF-S,2025-02-09 18:00:00
956,Node_A,Node_Z,0.1819,39.04,0.062,966.74,0.587,admin1,US-W,2025-02-09 19:00:00
957,Node_E,Node_Y,0.1338,183.66,0.3393,697.47,0.669,admin3,US-W,2025-02-09 20:00:00
958,Node_E,Node_Z,0.1659,39.58,0.5059,84.14,0.509,admin2,EU-C,2025-02-09 21:00:00
959,Node_C,Node_W,0.1758,104.48,0.1619,863.1,0.7,admin3,EU-C,2025-02-09 22:00:00
960,Node_A,Node_X,0.1144,47.14,0.6581,481.08,0.775,admin3,AF-S,2025-02-09 23:00:00
961,Node_D,Node_X,0.1035,209.16,0.9977,69.69,0.81,admin1,US-W,2025-02-10 00:00:00
962,Node_B,Node_W,0.0861,65.84,0.4517,550.17,0.832,admin1,EU-C,2025-02-10 01:00:00
963,Node_B,Node_X,0.0634,120.6,0.3547,417.75,0.918,admin1,EU-C,2025-02-10 02:00:00
964,Node_E,Node_Y,0.0869,269.22,0.4007,877.87,0.608,admin2,AS-E,2025-02-10 03:00:00
965,Node_C,Node_W,0.1548,65.27,0.1151,204.79,0.56,admin1,US-W,2025-02-10 04:00:00
966,Node_B,Node_Z,0.1204,154.8,0.8833,826.64,0.926,admin2,EU-C,2025-02-10 05:00:00
967,Node_A,Node_W,0.1785,128.69,0.4148,558.13,0.578,admin2,AF-S,2025-02-10 06:00:00
968,Node_E,Node_Y,0.0887,10.35,0.3873,55.56,0.987,admin2,AS-E,2025-02-10 07:00:00
969,Node_D,Node_Y,0.1214,238.86,0.6597,971.87,0.921,admin2,AS-E,2025-02-10 08:00:00
970,Node_E,Node_W,0.1263,25.37,0.442,513.1,0.75,admin1,US-W,2025-02-10 09:00:00
971,Node_D,Node_W,0.1183,144.91,0.6482,291.59,0.991,admin2,US-W,2025-02-10 10:00:00
972,Node_E,Node_X,0.1405,170.4,0.0614,469.94,0.549,admin1,AS-E,2025-02-10 11:00:00
973,Node_E,Node_Y,0.0475,190.39,0.8137,858.0,0.652,admin1,AF-S,2025-02-10 12:00:00
974,Node_E,Node_W,0.1025,208.15,0.9405,305.6,0.819,admin2,US-W,2025-02-10 13:00:00
975,Node_D,Node_W,0.0208,79.72,0.6488,193.48,0.675,admin1,US-W,2025-02-10 14:00:00
976,Node_D,Node_Y,0.0769,7.94,0.9546,129.94,0.964,admin3,AS-E,2025-02-10 15:00:00
977,Node_E,Node_W,0.0975,218.42,0.1514,298.56,0.533,admin1,AS-E,2025-02-10 16:00:00
978,Node_B,Node_X,0.1304,163.02,0.4774,780.27,0.775,admin1,US-W,2025-02-10 17:00:00
979,Node_C,Node_Y,0.1901,251.65,0.6018,472.15,0.795,admin2,EU-C,2025-02-10 18:00:00
980,Node_C,Node_X,0.1201,247.31,0.5817,228.25,0.826,admin2,US-W,2025-02-10 19:00:00
981,Node_C,Node_X,0.1487,253.78,0.4015,167.02,0.628,admin1,EU-C,2025-02-10 20:00:00
982,Node_D,Node_X,0.1013,148.1,0.3381,333.4,0.682,admin2,AS-E,2025-02-10 21:00:00
983,Node_D,Node_X,0.1268,103.42,0.1268,939.98,0.922,admin3,EU-C,2025-02-10 22:00:00
984,Node_B,Node_Y,0.0142,238.51,0.3917,343.68,0.597,admin3,AF-S,2025-02-10 23:00:00
985,Node_C,Node_X,0.0509,138.13,0.1627,988.14,0.913,admin2,AS-E,2025-02-11 00:00:00
986,Node_C,Node_X,0.0724,59.12,0.7344,485.75,0.781,admin1,US-W,2025-02-11 01:00:00
987,Node_E,Node_W,0.0945,257.22,0.2088,179.98,0.881,admin3,US-W,2025-02-11 02:00:00
988,Node_D,Node_Y,0.0091,265.36,0.0586,891.25,0.857,admin3,AS-E,2025-02-11 03:00:00
989,Node_C,Node_Y,0.028,142.56,0.5524,460.9,0.604,admin1,AS-E,2025-02-11 04:00:00
990,Node_B,Node_Z,0.0554,27.33,0.5952,709.96,0.784,admin2,AF-S,2025-02-11 05:00:00
991,Node_B,Node_Y,0.1943,119.41,0.8719,983.73,0.934,admin3,AS-E,2025-02-11 06:00:00
992,Node_C,Node_Y,0.0663,242.04,0.577,51.13,0.716,admin1,US-W,2025-02-11 07:00:00
993,Node_D,Node_Z,0.0964,271.02,0.3455,97.6,0.983,admin1,AF-S,2025-02-11 08:00:00
994,Node_B,Node_Y,0.0392,65.02,0.803,720.74,0.726,admin3,US-W,2025-02-11 09:00:00
995,Node_E,Node_Y,0.1222,24.76,0.5403,282.54,0.571,admin2,EU-C,2025-02-11 10:00:00
996,Node_B,Node_Y,0.0561,263.82,0.0793,185.12,0.695,admin3,AS-E,2025-02-11 11:00:00
997,Node_A,Node_Y,0.0414,119.87,0.5659,40.32,0.976,admin1,EU-C,2025-02-11 12:00:00
998,Node_A,Node_Z,0.1033,164.82,0.908,22.82,0.66,admin3,US-W,2025-02-11 13:00:00
999,Node_D,Node_Y,0.0011,290.58,0.3963,774.71,0.934,admin2,EU-C,2025-02-11 14:00:00
1000,Node_C,Node_Y,0.0015,24.64,0.2963,135.3,0.941,admin1,EU-C,2025-02-11 15:00:00
